date,value
2020-01-01,0
2020-01-02,0
2020-01-03,0
2020-01-04,0
2020-01-05,0
2020-01-06,0
2020-01-07,0
2020-01-08,0
2020-01-09,0
2020-01-10,0
2020-01-11,0
2020-01-12,0
2020-01-13,0
2020-01-14,0
2020-01-15,0
2020-01-16,0
2020-01-17,0
2020-01-18,0
2020-01-19,0
2020-01-20,0
2020-01-21,0
2020-01-22,0
2020-01-23,0
2020-01-24,0
2020-01-25,0
2020-01-26,0
2020-01-27,27.857999999999997
2020-01-28,65.144
2020-01-29,66.284
2020-01-30,87.857
2020-01-31,107.285
2020-02-01,124.429
2020-02-02,175.571
2020-02-03,197.287
2020-02-04,207.144
2020-02-05,247.144
2020-02-06,264.858
2020-02-07,289.573
2020-02-08,313.001
2020-02-09,310.856
2020-02-10,335.428
2020-02-11,354.856
2020-02-12,316.572
2020-02-13,421.00100000000003
2020-02-14,459.28499999999997
2020-02-15,491.28499999999997
2020-02-16,493.42999999999995
2020-02-17,488.28600000000006
2020-02-18,511.28599999999994
2020-02-19,573.857
2020-02-20,499.858
2020-02-21,415.001
2020-02-22,451.85900000000004
2020-02-23,397.28600000000006
2020-02-24,433.572
2020-02-25,400.861
2020-02-26,371.57099999999997
2020-02-27,326.0
2020-02-28,357.28599999999994
2020-02-29,279.144
2020-03-01,304.28499999999997
2020-03-02,265.714
2020-03-03,265.716
2020-03-04,288.573
2020-03-05,325.57
2020-03-06,364.287
2020-03-07,388.571
2020-03-08,516.2889999999999
2020-03-09,590.0
2020-03-10,726.144
2020-03-11,901.717
2020-03-12,1051.4320000000002
2020-03-13,1317.1439999999998
2020-03-14,1530.429
2020-03-15,1821.286
2020-03-16,2172.286
2020-03-17,2555.1440000000002
2020-03-18,2950.7149999999997
2020-03-19,3503.288
2020-03-20,4224.858
2020-03-21,5165.0
2020-03-22,5945.001
2020-03-23,6875.003000000001
2020-03-24,7931.143
2020-03-25,9283.005000000001
2020-03-26,10670.720000000001
2020-03-27,12025.715
2020-03-28,13457.716
2020-03-29,14741.145
2020-03-30,16193.431
2020-03-31,17913.721
2020-04-01,20227.861
2020-04-02,22079.146
2020-04-03,23871.864
2020-04-04,25363.571
2020-04-05,26628.576
2020-04-06,27838.004
2020-04-07,29908.435
2020-04-08,30129.998
2020-04-09,31294.148
2020-04-10,31988.15
2020-04-11,32148.58
2020-04-12,32472.293
2020-04-13,32466.732000000004
2020-04-14,31609.718
2020-04-15,32645.152000000002
2020-04-16,32323.148
2020-04-17,32197.716
2020-04-18,31812.863
2020-04-19,31530.008
2020-04-20,31470.007
2020-04-21,31362.86
2020-04-22,30318.86
2020-04-23,29945.294
2020-04-24,29396.438000000002
2020-04-25,29150.149
2020-04-26,28325.005
2020-04-27,27661.578
2020-04-28,27230.294
2020-04-29,26996.149
2020-04-30,26303.429
2020-05-01,25431.436
2020-05-02,25388.010000000002
2020-05-03,25009.725000000002
2020-05-04,24586.723
2020-05-05,24259.152000000002
2020-05-06,24082.719
2020-05-07,23819.43
2020-05-08,24058.284
2020-05-09,23299.004
2020-05-10,23303.718
2020-05-11,22827.861
2020-05-12,22559.866
2020-05-13,21712.436
2020-05-14,21641.86
2020-05-15,21467.576
2020-05-16,21221.001
2020-05-17,20988.004
2020-05-18,21132.581000000002
2020-05-19,20556.151
2020-05-20,20680.147
2020-05-21,20181.437
2020-05-22,20191.007
2020-05-23,20123.433
2020-05-24,19739.861
2020-05-25,19112.719
2020-05-26,19151.43
2020-05-27,18997.869000000002
2020-05-28,18950.864
2020-05-29,18529.433
2020-05-30,18458.576
2020-05-31,18335.571
2020-06-01,18383.15
2020-06-02,18610.143
2020-06-03,18834.285
2020-06-04,19127.006
2020-06-05,19063.434
2020-06-06,18919.147
2020-06-07,18896.86
2020-06-08,19308.148
2020-06-09,19176.294
2020-06-10,19054.292
2020-06-11,18818.861
2020-06-12,18617.144
2020-06-13,18756.86
2020-06-14,19052.432
2020-06-15,18817.716
2020-06-16,19994.438000000002
2020-06-17,20024.428
2020-06-18,20154.295000000002
2020-06-19,20396.293
2020-06-20,20438.72
2020-06-21,20910.724000000002
2020-06-22,20804.86
2020-06-23,19920.57
2020-06-24,19901.721
2020-06-25,19783.857
2020-06-26,19737.867000000002
2020-06-27,19871.009000000002
2020-06-28,19286.146
2020-06-29,19406.146
2020-06-30,19215.576
2020-07-01,19107.861
2020-07-02,19341.433
2020-07-03,19422.722
2020-07-04,19460.429
2020-07-05,19571.29
2020-07-06,19698.431
2020-07-07,20323.434
2020-07-08,20488.999
2020-07-09,20675.004
2020-07-10,20956.572
2020-07-11,21154.289
2020-07-12,21411.29
2020-07-13,21505.858
2020-07-14,21288.429
2020-07-15,21457.432
2020-07-16,21636.007
2020-07-17,21698.717
2020-07-18,22565.149
2020-07-19,22903.147
2020-07-20,22633.576
2020-07-21,22820.867000000002
2020-07-22,23688.858
2020-07-23,23959.288
2020-07-24,24232.726000000002
2020-07-25,23965.577
2020-07-26,23692.146
2020-07-27,24458.426
2020-07-28,24796.287
2020-07-29,24347.291
2020-07-30,24427.005
2020-07-31,24516.003
2020-08-01,24473.006
2020-08-02,24635.863
2020-08-03,24387.866
2020-08-04,24523.005
2020-08-05,24955.149
2020-08-06,24993.862
2020-08-07,25073.293
2020-08-08,25102.716
2020-08-09,25384.575
2020-08-10,25686.433
2020-08-11,25367.145
2020-08-12,25124.148
2020-08-13,25107.716
2020-08-14,25003.721
2020-08-15,25043.146
2020-08-16,24818.435
2020-08-17,24383.002
2020-08-18,24641.145
2020-08-19,24343.287
2020-08-20,24135.717
2020-08-21,23936.002
2020-08-22,23761.716
2020-08-23,23480.291
2020-08-24,23616.003
2020-08-25,23337.717
2020-08-26,23453.141
2020-08-27,23339.142
2020-08-28,23111.438000000002
2020-08-29,23108.864
2020-08-30,23090.006
2020-08-31,22856.292
2020-09-01,22886.002
2020-09-02,22698.862
2020-09-03,22635.151
2020-09-04,22660.715
2020-09-05,22285.293
2020-09-06,22207.864
2020-09-07,22946.863
2020-09-08,22122.861
2020-09-09,22091.714
2020-09-10,22053.999
2020-09-11,22122.138
2020-09-12,22104.148
2020-09-13,22005.996
2020-09-14,21347.145
2020-09-15,22188.003
2020-09-16,21993.574
2020-09-17,21794.721
2020-09-18,21734.862
2020-09-19,21864.001
2020-09-20,21880.43
2020-09-21,21790.576
2020-09-22,21571.435
2020-09-23,21954.721
2020-09-24,21963.288
2020-09-25,22065.58
2020-09-26,22171.006
2020-09-27,22118.861
2020-09-28,21949.43
2020-09-29,21862.715
2020-09-30,21833.723
2020-10-01,23692.576
2020-10-02,23533.714
2020-10-03,23163.299000000003
2020-10-04,23261.864
2020-10-05,23015.29
2020-10-06,23322.008
2020-10-07,23015.144
2020-10-08,21588.29
2020-10-09,21867.432
2020-10-10,21951.438000000002
2020-10-11,22053.148
2020-10-12,21982.579
2020-10-13,21679.288
2020-10-14,21856.004
2020-10-15,21790.717
2020-10-16,21848.864
2020-10-17,22345.58
2020-10-18,22236.431
2020-10-19,22674.717
2020-10-20,23479.292
2020-10-21,23942.858
2020-10-22,23864.144
2020-10-23,24434.149
2020-10-24,24609.29
2020-10-25,24708.439000000002
2020-10-26,25533.578
2020-10-27,26078.005
2020-10-28,26306.721
2020-10-29,27112.009000000002
2020-10-30,27602.581000000002
2020-10-31,28123.865
2020-11-01,28766.432
2020-11-02,29192.576
2020-11-03,30645.715
2020-11-04,32087.149
2020-11-05,33493.155000000006
2020-11-06,34451.865
2020-11-07,35177.147
2020-11-08,35832.149
2020-11-09,36573.007000000005
2020-11-10,36738.429
2020-11-11,37023.575
2020-11-12,37633.14399999999
2020-11-13,38109.28899999999
2020-11-14,38955.576
2020-11-15,39325.147000000004
2020-11-16,39639.863000000005
2020-11-17,40406.433
2020-11-18,41032.007000000005
2020-11-19,41900.441000000006
2020-11-20,43065.29
2020-11-21,43169.154
2020-11-22,43598.716000000015
2020-11-23,44008.004000000015
2020-11-24,44927.58000000001
2020-11-25,45239.285
2020-11-26,45189.859
2020-11-27,45071.291999999994
2020-11-28,45222.433
2020-11-29,45210.71799999999
2020-11-30,45404.579999999994
2020-12-01,45286.577
2020-12-02,45569.14
2020-12-03,46615.714000000014
2020-12-04,47071.99900000002
2020-12-05,47691.57899999999
2020-12-06,47954.29
2020-12-07,47748.71300000001
2020-12-08,47462.723999999995
2020-12-09,47492.721000000005
2020-12-10,47265.003000000004
2020-12-11,47720.580999999984
2020-12-12,47843.577999999994
2020-12-13,47928.85999999999
2020-12-14,48142.14499999999
2020-12-15,48905.427
2020-12-16,49764.297999999995
2020-12-17,50189.86099999999
2020-12-18,50114.863999999994
2020-12-19,50375.00400000001
2020-12-20,50414.00100000001
2020-12-21,50561.575000000004
2020-12-22,50887.292
2020-12-23,50726.001000000004
2020-12-24,50130.148
2020-12-25,47252.723999999995
2020-12-26,45435.579
2020-12-27,45269.865
2020-12-28,45278.287000000004
2020-12-29,46002.146
2020-12-30,47052.43800000001
2020-12-31,47820.295000000006
2021-01-01,48431.00400000001
2021-01-02,49116.14899999999
2021-01-03,48987.859
2021-01-04,49201.429000000004
2021-01-05,49496.85499999999
2021-01-06,49062.14899999999
2021-01-07,49909.429
2021-01-08,53451.429
2021-01-09,55768.86300000002
2021-01-10,56735.86299999999
2021-01-11,56938.144
2021-01-12,57775.294
2021-01-13,58729.005999999994
2021-01-14,59228.85999999999
2021-01-15,59470.15299999997
2021-01-16,59861.577999999965
2021-01-17,60026.14599999996
2021-01-18,60095.714999999975
2021-01-19,59354.14799999997
2021-01-20,60156.007000000005
2021-01-21,61044.436
2021-01-22,61214.149999999994
2021-01-23,61525.431999999986
2021-01-24,61454.14799999999
2021-01-25,61900.00799999997
2021-01-26,62923.71899999997
2021-01-27,62390.716999999975
2021-01-28,61942.001999999964
2021-01-29,61789.00899999998
2021-01-30,61021.86499999997
2021-01-31,60897.28999999999
2021-02-01,60381.428
2021-02-02,58904.001999999986
2021-02-03,58299.431999999986
2021-02-04,56148.143
2021-02-05,56988.001
2021-02-06,56125.57399999998
2021-02-07,55065.863
2021-02-08,54702.28699999999
2021-02-09,54557.28599999999
2021-02-10,53348.721
2021-02-11,53908.295
2021-02-12,51301.288
2021-02-13,50585.57099999998
2021-02-14,50179.861000000004
2021-02-15,49060.28799999999
2021-02-16,46891.29199999999
2021-02-17,45362.145
2021-02-18,44189.005
2021-02-19,43443.00899999999
2021-02-20,42498.43600000001
2021-02-21,42291.143000000004
2021-02-22,41912.863999999994
2021-02-23,42093.577000000005
2021-02-24,42689.0
2021-02-25,42075.573
2021-02-26,41403.861
2021-02-27,41185.43
2021-02-28,41028.57399999999
2021-03-01,41183.715000000004
2021-03-02,40432.717
2021-03-03,39947.289
2021-03-04,39614.01
2021-03-05,39624.287000000004
2021-03-06,39349.145
2021-03-07,39108.005999999994
2021-03-08,38928.144
2021-03-09,39080.005999999994
2021-03-10,38249.574000000015
2021-03-11,38145.294
2021-03-12,37696.28999999999
2021-03-13,37908.148
2021-03-14,37846.144
2021-03-15,38037.149
2021-03-16,38109.14900000001
2021-03-17,38362.719
2021-03-18,38632.86
2021-03-19,39189.286
2021-03-20,39302.29
2021-03-21,40798.151000000005
2021-03-22,41127.727
2021-03-23,41673.717000000004
2021-03-24,41681.43099999999
2021-03-25,42268.578
2021-03-26,43552.15099999998
2021-03-27,44376.29000000001
2021-03-28,43650.293
2021-03-29,44002.28800000001
2021-03-30,44208.151999999995
2021-03-31,45591.431000000004
2021-04-01,45970.428
2021-04-02,44624.999
2021-04-03,44163.71499999999
2021-04-04,44267.85300000002
2021-04-05,43983.14699999999
2021-04-06,44164.435000000005
2021-04-07,45626.429000000004
2021-04-08,46852.00000000001
2021-04-09,49082.28800000001
2021-04-10,51197.147999999994
2021-04-11,52174.43200000001
2021-04-12,53190.14699999998
2021-04-13,54114.715999999986
2021-04-14,53341.72199999998
2021-04-15,52904.717999999986
2021-04-16,52245.581000000006
2021-04-17,51978.86699999999
2021-04-18,51952.295
2021-04-19,52647.29600000002
2021-04-20,52891.14599999999
2021-04-21,53240.85700000001
2021-04-22,53348.14400000001
2021-04-23,54406.14599999999
2021-04-24,54695.86099999999
2021-04-25,55620.147000000004
2021-04-26,55855.576
2021-04-27,56230.139
2021-04-28,56851.14199999998
2021-04-29,57856.43399999997
2021-04-30,57317.288000000015
2021-05-01,57207.431999999986
2021-05-02,56900.577000000005
2021-05-03,56880.859000000004
2021-05-04,56229.005
2021-05-05,55587.579
2021-05-06,54877.14699999998
2021-05-07,54864.141
2021-05-08,55013.861000000004
2021-05-09,55097.426999999996
2021-05-10,54734.99800000002
2021-05-11,54821.001000000004
2021-05-12,54316.286000000015
2021-05-13,53591.14400000001
2021-05-14,52694.572
2021-05-15,52028.570999999974
2021-05-16,51878.573000000004
2021-05-17,51962.999000000025
2021-05-18,51838.719000000005
2021-05-19,51399.00100000001
2021-05-20,51212.006
2021-05-21,51141.43100000001
2021-05-22,50627.85800000001
2021-05-23,50365.57500000001
2021-05-24,49076.437
2021-05-25,48397.43199999999
2021-05-26,47989.863999999994
2021-05-27,47824.287000000004
2021-05-28,47235.289
2021-05-29,46843.43199999999
2021-05-30,45984.575000000004
2021-05-31,45717.85799999999
2021-06-01,44280.430000000015
2021-06-02,43952.435999999994
2021-06-03,42328.151
2021-06-04,41538.143000000004
2021-06-05,40722.14900000001
2021-06-06,40097.144
2021-06-07,39726.291
2021-06-08,39592.713
2021-06-09,38594.434
2021-06-10,35562.858
2021-06-11,38307.433999999994
2021-06-12,38523.857
2021-06-13,39617.71500000001
2021-06-14,39551.43299999999
2021-06-15,39551.43600000001
2021-06-16,39467.291000000005
2021-06-17,39827.00400000001
2021-06-18,38349.149999999994
2021-06-19,37331.72100000001
2021-06-20,35967.003
2021-06-21,35389.583
2021-06-22,34360.853
2021-06-23,33923.287
2021-06-24,33544.433
2021-06-25,33563.72000000001
2021-06-26,33282.57199999999
2021-06-27,32831.859
2021-06-28,32583.72
2021-06-29,32135.286
2021-06-30,32053.717
2021-07-01,31970.289
2021-07-02,31460.999
2021-07-03,31049.001
2021-07-04,31346.144
2021-07-05,31825.147
2021-07-06,31957.725000000002
2021-07-07,31562.147
2021-07-08,31777.431
2021-07-09,31787.002
2021-07-10,31808.007
2021-07-11,32547.149
2021-07-12,32962.575000000004
2021-07-13,32903.006
2021-07-14,32907.011000000006
2021-07-15,32730.57
2021-07-16,32919.717000000004
2021-07-17,33063.283
2021-07-18,32476.145
2021-07-19,31948.149
2021-07-20,33946.434
2021-07-21,34005.85399999999
2021-07-22,34089.581000000006
2021-07-23,33848.432
2021-07-24,34511.856
2021-07-25,34957.142
2021-07-26,35698.578
2021-07-27,34489.153999999995
2021-07-28,35335.435
2021-07-29,36185.577
2021-07-30,36921.147
2021-07-31,37031.71600000001
2021-08-01,37056.137
2021-08-02,36869.854
2021-08-03,37205.438
2021-08-04,37420.716
2021-08-05,37851.006
2021-08-06,38355.429000000004
2021-08-07,38258.718
2021-08-08,38309.719
2021-08-09,38703.14500000001
2021-08-10,39369.856999999996
2021-08-11,39392.998999999996
2021-08-12,39121.577000000005
2021-08-13,39126.714
2021-08-14,39167.865
2021-08-15,39136.433999999994
2021-08-16,39736.865999999995
2021-08-17,39293.297
2021-08-18,39485.99799999999
2021-08-19,40041.576
2021-08-20,40065.15200000001
2021-08-21,40180.441
2021-08-22,40388.007999999994
2021-08-23,40520.865999999995
2021-08-24,40722.71499999999
2021-08-25,41014.716
2021-08-26,41107.423
2021-08-27,41073.425
2021-08-28,40794.99700000001
2021-08-29,40244.99799999999
2021-08-30,39970.281
2021-08-31,39126.003000000004
2021-09-01,39796.863
2021-09-02,39612.435000000005
2021-09-03,39799.72
2021-09-04,39428.71600000001
2021-09-05,39284.56900000001
2021-09-06,38486.716
2021-09-07,38978.86000000001
2021-09-08,37658.854999999996
2021-09-09,37366.718
2021-09-10,36483.862
2021-09-11,36819.570999999996
2021-09-12,36302.00399999999
2021-09-13,36877.001000000004
2021-09-14,36581.573000000004
2021-09-15,36779.723
2021-09-16,36648.99800000001
2021-09-17,36579.43000000001
2021-09-18,35509.57700000001
2021-09-19,35757.856999999996
2021-09-20,35299.288
2021-09-21,35012.57000000001
2021-09-22,34611.721000000005
2021-09-23,34250.134999999995
2021-09-24,34056.28699999999
2021-09-25,33470.575
2021-09-26,33156.289
2021-09-27,32798.575
2021-09-28,32814.14000000001
2021-09-29,32583.288
2021-09-30,32015.717
2021-10-01,31981.424
2021-10-02,32265.153000000002
2021-10-03,31607.424
2021-10-04,31304.001
2021-10-05,30171.727000000003
2021-10-06,30100.286
2021-10-07,30140.145
2021-10-08,29675.144
2021-10-09,29094.572
2021-10-10,29323.718
2021-10-11,28599.722
2021-10-12,28963.717
2021-10-13,28845.72
2021-10-14,28315.573
2021-10-15,27993.862
2021-10-16,28295.726000000002
2021-10-17,28089.145
2021-10-18,28480.436
2021-10-19,28517.144
2021-10-20,28401.289
2021-10-21,28279.002
2021-10-22,28840.291
2021-10-23,29186.002
2021-10-24,29362.002
2021-10-25,29552.716
2021-10-26,29429.291
2021-10-27,29753.145
2021-10-28,30456.29
2021-10-29,30299.435
2021-10-30,30370.573
2021-10-31,30388.288
2021-11-01,30168.144
2021-11-02,29798.143
2021-11-03,29433.284
2021-11-04,28713.144
2021-11-05,29183.004
2021-11-06,29579.004
2021-11-07,29558.432
2021-11-08,29791.441000000003
2021-11-09,30371.576
2021-11-10,30305.147
2021-11-11,30370.718
2021-11-12,30594.573
2021-11-13,30407.144
2021-11-14,30486.288
2021-11-15,30694.569
2021-11-16,30500.149
2021-11-17,31047.575
2021-11-18,31424.861
2021-11-19,30897.862
2021-11-20,30755.719
2021-11-21,30690.298000000003
2021-11-22,30931.86
2021-11-23,31177.005
2021-11-24,30841.440000000002
2021-11-25,30629.298000000003
2021-11-26,30032.294
2021-11-27,29939.578
2021-11-28,30116.718
2021-11-29,30385.15
2021-11-30,30426.723
2021-12-01,30830.578
2021-12-02,32155.582000000002
2021-12-03,33167.579000000005
2021-12-04,32970.149
2021-12-05,34399.006
2021-12-06,34158.00400000001
2021-12-07,33994.716
2021-12-08,33477.999
2021-12-09,32595.289
2021-12-10,32276.861
2021-12-11,32435.146
2021-12-12,30837.578
2021-12-13,30542.005
2021-12-14,30579.148
2021-12-15,30983.858
2021-12-16,30283.434
2021-12-17,29856.144
2021-12-18,29774.856
2021-12-19,29651.712
2021-12-20,29840.72
2021-12-21,29635.578
2021-12-22,30400.861
2021-12-23,30322.153000000002
2021-12-24,29281.859
2021-12-25,28453.29
2021-12-26,28151.149
2021-12-27,27959.439000000002
2021-12-28,28088.721
2021-12-29,26705.721
2021-12-30,26795.728000000003
2021-12-31,26860.149
2022-01-01,26822.866
2022-01-02,26573.719
2022-01-03,25782.432
2022-01-04,26433.008
2022-01-05,26328.145
2022-01-06,26032.149
2022-01-07,26933.434
2022-01-08,27437.584000000003
2022-01-09,27816.865
2022-01-10,28516.002
2022-01-11,28687.006
2022-01-12,29432.146
2022-01-13,30095.719
2022-01-14,30582.713
2022-01-15,31150.435
2022-01-16,31433.434
2022-01-17,31230.857
2022-01-18,31236.29
2022-01-19,31679.427
2022-01-20,32511.29
2022-01-21,33620.151
2022-01-22,33532.012
2022-01-23,33897.864
2022-01-24,35267.149000000005
2022-01-25,36035.572
2022-01-26,36660.005
2022-01-27,37005.291000000005
2022-01-28,38397.005000000005
2022-01-29,39476.292
2022-01-30,39708.142
2022-01-31,40603.57899999999
2022-02-01,41447.861000000004
2022-02-02,42335.72199999999
2022-02-03,43132.008
2022-02-04,43603.00800000001
2022-02-05,43809.712999999996
2022-02-06,44065.57699999999
2022-02-07,44508.865
2022-02-08,44758.00500000002
2022-02-09,45446.865000000005
2022-02-10,45659.15099999999
2022-02-11,45043.151999999995
2022-02-12,45294.71700000002
2022-02-13,44884.432
2022-02-14,44966.147000000004
2022-02-15,43678.00500000001
2022-02-16,43766.575
2022-02-17,43920.570999999996
2022-02-18,43144.578
2022-02-19,42961.005000000005
2022-02-20,42992.429000000004
2022-02-21,40807.43
2022-02-22,40492.146
2022-02-23,39752.72099999999
2022-02-24,38886.72
2022-02-25,37906.722
2022-02-26,36836.863
2022-02-27,36452.006
2022-02-28,36456.579
2022-03-01,35506.574
2022-03-02,33265.147999999994
2022-03-03,31722.004
2022-03-04,31515.432
2022-03-05,30993.432
2022-03-06,30673.864
2022-03-07,30670.86
2022-03-08,29647.001
2022-03-09,29676.431
2022-03-10,29257.146
2022-03-11,27918.573
2022-03-12,27398.292
2022-03-13,27008.432
2022-03-14,25784.011000000002
2022-03-15,25072.727000000003
2022-03-16,24241.289
2022-03-17,23762.723
2022-03-18,23333.006
2022-03-19,22820.010000000002
2022-03-20,22682.867000000002
2022-03-21,22084.293
2022-03-22,21842.721
2022-03-23,21296.012000000002
2022-03-24,20470.441000000003
2022-03-25,22446.721
2022-03-26,21849.868000000002
2022-03-27,21453.725000000002
2022-03-28,21220.007
2022-03-29,20889.726000000002
2022-03-30,20360.148
2022-03-31,19929.146
2022-04-01,17224.865
2022-04-02,17106.002
2022-04-03,16685.148
2022-04-04,16166.009000000002
2022-04-05,15893.855
2022-04-06,15251.006000000001
2022-04-07,15283.149000000001
2022-04-08,14945.005000000001
2022-04-09,14802.003
2022-04-10,14724.867000000002
2022-04-11,14429.719000000001
2022-04-12,13869.009000000002
2022-04-13,13824.01
2022-04-14,13388.721
2022-04-15,12455.15
2022-04-16,12024.149000000001
2022-04-17,11881.578000000001
2022-04-18,11023.005
2022-04-19,10892.002
2022-04-20,11043.295000000002
2022-04-21,10755.143
2022-04-22,10988.432
2022-04-23,10985.142
2022-04-24,10765.433
2022-04-25,11169.575
2022-04-26,11906.435000000001
2022-04-27,11213.435000000001
2022-04-28,11151.861
2022-04-29,11021.295000000002
2022-04-30,10928.435000000001
2022-05-01,10919.862000000001
2022-05-02,10710.429
2022-05-03,9467.29
2022-05-04,9799.289
2022-05-05,9326.717
2022-05-06,9079.29
2022-05-07,8899.143
2022-05-08,8687.148000000001
2022-05-09,8785.289
2022-05-10,8631.717
2022-05-11,7762.151000000002
2022-05-12,7597.151000000001
2022-05-13,7456.438000000001
2022-05-14,7338.868000000001
2022-05-15,7292.289000000001
2022-05-16,7087.7260000000015
2022-05-17,7016.580000000002
2022-05-18,7094.43
2022-05-19,6925.152000000001
2022-05-20,6929.72
2022-05-21,6949.151000000001
2022-05-22,6941.724000000001
2022-05-23,6935.001
2022-05-24,6752.005000000001
2022-05-25,6937.577
2022-05-26,6636.291
2022-05-27,6714.150000000001
2022-05-28,6624.577
2022-05-29,6584.009000000001
2022-05-30,6304.008000000001
2022-05-31,6214.580000000001
2022-06-01,5863.151000000001
2022-06-02,5964.868000000001
2022-06-03,5700.583000000001
2022-06-04,5603.157000000003
2022-06-05,5713.7260000000015
2022-06-06,5602.291000000001
2022-06-07,5910.579000000001
2022-06-08,6219.298000000002
2022-06-09,6131.866000000001
2022-06-10,6210.010000000001
2022-06-11,6348.865000000002
2022-06-12,6213.010000000001
2022-06-13,6634.441000000002
2022-06-14,6539.868000000001
2022-06-15,6189.292
2022-06-16,6143.862
2022-06-17,5880.580000000001
2022-06-18,5713.72
2022-06-19,5771.005
2022-06-20,5712.292
2022-06-21,5625.151000000001
2022-06-22,5645.719
2022-06-23,5833.2880000000005
2022-06-24,6137.004999999999
2022-06-25,6223.146
2022-06-26,6218.148999999999
2022-06-27,6178.572
2022-06-28,6279.575
2022-06-29,6176.003
2022-06-30,5762.293000000001
2022-07-01,6132.575
2022-07-02,6157.8640000000005
2022-07-03,6197.858
2022-07-04,6029.717
2022-07-05,6210.147000000001
2022-07-06,6497.575
2022-07-07,7125.576
2022-07-08,7422.437000000001
2022-07-09,7545.865000000002
2022-07-10,7608.149000000001
2022-07-11,7994.8640000000005
2022-07-12,8166.864000000001
2022-07-13,8331.433
2022-07-14,7968.866000000002
2022-07-15,7954.295000000002
2022-07-16,7978.866000000001
2022-07-17,8060.154000000001
2022-07-18,8264.716
2022-07-19,8658.580000000002
2022-07-20,8847.719000000001
2022-07-21,9131.147
2022-07-22,9497.575
2022-07-23,9616.431
2022-07-24,9643.137999999999
2022-07-25,9532.857
2022-07-26,9425.86
2022-07-27,9738.148000000001
2022-07-28,9887.429
2022-07-29,9962.577000000001
2022-07-30,9860.717
2022-07-31,9798.148000000001
2022-08-01,10080.579000000002
2022-08-02,10030.434000000001
2022-08-03,9918.862000000001
2022-08-04,10171.433
2022-08-05,10133.152
2022-08-06,10502.006000000001
2022-08-07,10513.433
2022-08-08,10438.863000000001
2022-08-09,10849.294000000002
2022-08-10,10595.150000000001
2022-08-11,10590.723
2022-08-12,10499.148000000001
2022-08-13,10351.718
2022-08-14,10383.287
2022-08-15,10385.578000000001
2022-08-16,10300.858
2022-08-17,10602.003
2022-08-18,10491.429
2022-08-19,10418.861
2022-08-20,10243.863000000001
2022-08-21,10656.008000000002
2022-08-22,9656.864000000001
2022-08-23,9913.721000000001
2022-08-24,9862.86
2022-08-25,9817.575
2022-08-26,9692.432
2022-08-27,9703.289
2022-08-28,9301.004
2022-08-29,9519.578000000001
2022-08-30,9250.289
2022-08-31,9379.294000000002
2022-09-01,9133.294000000002
2022-09-02,9241.014000000003
2022-09-03,9159.150000000001
2022-09-04,9206.725000000002
2022-09-05,8875.005000000001
2022-09-06,8740.145
2022-09-07,7994.151000000002
2022-09-08,7864.722000000001
2022-09-09,7607.008000000001
2022-09-10,7530.578000000001
2022-09-11,7344.5740000000005
2022-09-12,7346.715000000001
2022-09-13,7175.863000000001
2022-09-14,7305.289000000001
2022-09-15,7509.432000000001
2022-09-16,7380.143
2022-09-17,7325.2880000000005
2022-09-18,7212.716
2022-09-19,7139.72
2022-09-20,7041.433000000001
2022-09-21,6819.862
2022-09-22,6582.147
2022-09-23,6436.429999999999
2022-09-24,6428.856999999999
2022-09-25,6379.435
2022-09-26,6379.576
2022-09-27,6240.292
2022-09-28,6411.006
2022-09-29,6455.718
2022-09-30,6252.006000000001
2022-10-01,6157.143
2022-10-02,6192.573
2022-10-03,6181.716
2022-10-04,6186.716
2022-10-05,6109.429999999999
2022-10-06,5956.005000000001
2022-10-07,6184.860000000001
2022-10-08,6211.859
2022-10-09,6253.001
2022-10-10,6254.4360000000015
2022-10-11,6448.146
2022-10-12,6301.431
2022-10-13,6393.857
2022-10-14,6337.290000000001
2022-10-15,6378.149
2022-10-16,6329.720000000001
2022-10-17,6598.856
2022-10-18,6565.43
2022-10-19,6780.432000000001
2022-10-20,6849.003
2022-10-21,7023.002
2022-10-22,6931.865000000001
2022-10-23,6958.858
2022-10-24,6718.718
2022-10-25,6973.290000000001
2022-10-26,7116.856
2022-10-27,7061.286999999999
2022-10-28,6758.1449999999995
2022-10-29,6785.714
2022-10-30,6787.287
2022-10-31,6657.713
2022-11-01,6950.146
2022-11-02,6376.4360000000015
2022-11-03,6506.146000000001
2022-11-04,6825.006
2022-11-05,6785.285
2022-11-06,6757.572
2022-11-07,6729.438000000001
2022-11-08,5881.577
2022-11-09,6217.43
2022-11-10,6053.289000000001
2022-11-11,5914.1410000000005
2022-11-12,5821.148
2022-11-13,5830.723000000001
2022-11-14,5932.292000000001
2022-11-15,5957.296000000001
2022-11-16,6148.291000000001
2022-11-17,6127.860000000001
2022-11-18,6527.719000000001
2022-11-19,6506.578000000001
2022-11-20,6553.7210000000005
2022-11-21,6426.291000000001
2022-11-22,6650.716
2022-11-23,6552.859
2022-11-24,6159.290000000001
2022-11-25,6086.579000000001
2022-11-26,6095.003000000001
2022-11-27,6094.7210000000005
2022-11-28,6107.578
2022-11-29,5901.294000000002
2022-11-30,5632.004
2022-12-01,6211.149000000001
2022-12-02,6275.859
2022-12-03,6333.003
2022-12-04,6360.717
2022-12-05,6479.718
2022-12-06,6571.862
2022-12-07,6884.285
2022-12-08,7236.149000000001
2022-12-09,7157.4360000000015
2022-12-10,7156.866000000002
2022-12-11,7169.722000000002
2022-12-12,7352.2880000000005
2022-12-13,7478.005000000001
2022-12-14,7652.725000000002
2022-12-15,7567.004000000002
2022-12-16,7860.147000000001
2022-12-17,7974.859
2022-12-18,8045.432000000001
2022-12-19,8133.856000000001
2022-12-20,8290.284
2022-12-21,8350.004
2022-12-22,8273.434000000001
2022-12-23,8288.005000000001
2022-12-24,8389.146
2022-12-25,8432.579000000002
2022-12-26,7961.433000000001
2022-12-27,7898.861000000002
2022-12-28,8028.5740000000005
2022-12-29,8132.4310000000005
2022-12-30,7980.289000000001
2022-12-31,7925.004000000001
2023-01-01,8025.0019999999995
2023-01-02,8245.57
2023-01-03,8326.288
2023-01-04,8394.289
2023-01-05,8787.009000000002
2023-01-06,9282.577000000001
2023-01-07,9302.434000000001
2023-01-08,9305.863000000001
2023-01-09,9774.150000000001
2023-01-10,9795.006000000001
2023-01-11,9969.429
2023-01-12,9767.143
2023-01-13,9682.147
2023-01-14,9674.433
2023-01-15,43815.148
2023-01-16,43237.57800000001
2023-01-17,42997.721000000005
2023-01-18,42908.151000000005
2023-01-19,42980.007999999994
2023-01-20,43224.289
2023-01-21,50369.147000000004
2023-01-22,15982.858
2023-01-23,16137.001
2023-01-24,16151.864000000001
2023-01-25,15625.577000000001
2023-01-26,15349.719000000001
2023-01-27,14367.146
2023-01-28,10689.431
2023-01-29,10710.575
2023-01-30,10468.432
2023-01-31,10282.576000000001
2023-02-01,10459.574
2023-02-02,10197.86
2023-02-03,10499.863000000001
2023-02-04,8415.002
