date,death,cases,icu,vaccines
2020-01-06,0,0,0,0
2020-01-18,0,0,0,0
2020-01-24,0,0,0,0
2020-01-25,0,0,0,0
2020-01-26,0,0,0,0
2020-01-27,0,0,0,0
2020-01-28,0,0,0,0
2020-01-29,0,0.011,0,0
2020-01-30,0,0.011,0,0
2020-01-31,0,0.006,0,0
2020-02-01,0,0.02,0,0
2020-02-02,0,0.023,0,0
2020-02-03,0,0.051000000000000004,0,0
2020-02-04,0.286,0.044,0,0
2020-02-05,0.286,0.041999999999999996,0,0
2020-02-06,0.143,0.059,0,0
2020-02-07,0.143,0.05,0,0
2020-02-08,0.143,0.045,0,0
2020-02-09,0,0.060000000000000005,0,0
2020-02-10,0,0.044,0,0
2020-02-11,0,0.064,0,0
2020-02-12,0,0.064,0,0
2020-02-13,0,0.066,0,0
2020-02-14,0,0.064,0,0
2020-02-15,0,0.047,0,0
2020-02-16,0,0.03899999999999999,0,0
2020-02-17,0,0.041999999999999996,0,0
2020-02-18,0,0.01,0,0
2020-02-19,0,0.01,0,0
2020-02-20,0.143,0.013,0,0
2020-02-21,0.143,0.054000000000000006,0,0
2020-02-22,0.143,0.154,0,0
2020-02-23,0.143,0.41500000000000004,0,0
2020-02-24,0.143,0.5960000000000001,26.0,0
2020-02-25,0.143,0.8460000000000001,35.0,0
2020-02-26,2.0,1.246,36.0,0
2020-02-27,2.7149999999999994,1.8149999999999997,63.0,0
2020-02-28,3.143,2.6299999999999994,72.0,0
2020-02-29,4.0,3.39,114.0,0
2020-03-01,4.572,5.564,151.0,0
2020-03-02,6.858,7.986,176.0,0
2020-03-03,10.429,10.596999999999998,241.0,0
2020-03-04,14.142999999999999,24.483000000000008,310.0,0
2020-03-05,20.142,104.37300000000002,366.0,0
2020-03-06,27.143,141.73299999999998,481.0,0
2020-03-07,32.0,153.731,588.0,0
2020-03-08,53.43000000000001,173.55,679.0,0
2020-03-09,67.571,240.581,767.0,0
2020-03-10,90.143,282.311,919.0,0
2020-03-11,121.429,530.7660000000001,1081.0,0
2020-03-12,144.286,535.8820000000001,1230.0,0
2020-03-13,191.0,427.80999999999995,1418.0,0
2020-03-14,224.57,542.5039999999999,1635.0,0
2020-03-15,277.857,605.0199999999999,1864.0,0
2020-03-16,338.0,656.9540000000002,2123.0,0
2020-03-17,400.71500000000003,943.4639999999999,2395.0,0
2020-03-18,463.8570000000001,1016.7779999999998,3465.0,0
2020-03-19,561.142,1269.0580000000002,4068.0,0
2020-03-20,686.572,1489.2500000000002,4894.0,0
2020-03-21,860.572,1730.5129999999997,5537.0,0
2020-03-22,994.712,2113.7749999999996,6081.0,0
2020-03-23,1161.716,2271.58,7001.0,0
2020-03-24,1349.2850000000003,2729.4659999999994,8032.0,0
2020-03-25,1590.2890000000002,3103.2009999999987,9085.0,0
2020-03-26,1823.2880000000002,3243.419000000001,9887.0,0
2020-03-27,2051.714,3427.0550000000003,10859.0,0
2020-03-28,2264.286,3829.3419999999996,11797.0,0
2020-03-29,2477.14,3712.1180000000004,12626.0,0
2020-03-30,2710.0,3780.964,13907.0,0
2020-03-31,2952.5740000000005,3283.435000000001,14983.0,0
2020-04-01,3258.571,3180.3840000000005,16195.0,0
2020-04-02,3487.573,3404.527999999999,20412.0,0
2020-04-03,3734.431,3314.460999999999,21701.0,0
2020-04-04,3868.57,2858.0669999999996,22377.0,0
2020-04-05,4027.2880000000005,2921.723,22966.0,0
2020-04-06,4127.286,2907.4809999999998,23408.0,0
2020-04-07,4353.4310000000005,2893.766,23936.0,0
2020-04-08,4322.856,2989.406,24075.0,0
2020-04-09,4453.428,2807.7659999999996,23962.0,0
2020-04-10,4476.427,2902.529,24243.0,0
2020-04-11,4440.142,2812.2909999999993,24045.0,0
2020-04-12,4449.716,2856.4639999999995,23989.0,0
2020-04-13,4403.433,2720.8079999999995,23794.0,0
2020-04-14,4201.141,2659.3189999999995,23481.0,0
2020-04-15,4329.146000000001,2431.539999999999,23010.0,0
2020-04-16,4257.717000000001,2338.7490000000003,22700.0,0
2020-04-17,4214.999,2223.4960000000005,22186.0,0
2020-04-18,4122.573,2169.175,22032.0,0
2020-04-19,4038.7180000000008,2070.9210000000003,21574.0,0
2020-04-20,3975.43,2217.1259999999997,21373.0,0
2020-04-21,3938.7129999999997,2091.457,20582.0,0
2020-04-22,3722.5699999999997,2068.585,19910.0,0
2020-04-23,3559.429,1880.534,19328.0,0
2020-04-24,3406.1440000000007,1677.4070000000002,18521.0,0
2020-04-25,3340.286,1761.3000000000006,18149.0,0
2020-04-26,3217.0010000000007,1599.0149999999999,17738.0,0
2020-04-27,3116.573,1483.207,17180.0,0
2020-04-28,2972.002,1611.5930000000003,16484.0,0
2020-04-29,2869.285,1550.1039999999998,15830.0,0
2020-04-30,2728.569,1712.568,15266.0,0
2020-05-01,2537.859,1614.4839999999997,14625.0,0
2020-05-02,2461.8600000000006,1516.9209999999998,14183.0,0
2020-05-03,2356.5750000000007,1487.3940000000002,13942.0,0
2020-05-04,2252.1459999999997,1368.8320000000003,13546.0,0
2020-05-05,2177.1440000000002,1165.804,12863.0,0
2020-05-06,2095.4300000000003,1282.0130000000001,12166.0,0
2020-05-07,2027.7150000000001,1112.6240000000003,11555.0,0
2020-05-08,2029.857,1197.1619999999998,11052.0,0
2020-05-09,1899.5739999999996,1142.384,10603.0,0
2020-05-10,1849.7160000000001,1134.406,10447.0,0
2020-05-11,1778.7150000000001,1134.476,10159.0,0
2020-05-12,1718.9989999999998,1180.134,9585.0,0
2020-05-13,1603.431,940.0129999999998,9054.0,0
2020-05-14,1577.286,863.914,8695.0,0
2020-05-15,1498.574,741.1700000000001,8446.0,0
2020-05-16,1450.5749999999998,749.2719999999998,8005.0,0
2020-05-17,1463.1439999999998,739.6359999999999,7854.0,0
2020-05-18,1422.5749999999998,766.145,7565.0,0
2020-05-19,1150.002,702.5279999999998,7213.0,0
2020-05-20,1282.2849999999999,705.2169999999998,6775.0,0
2020-05-21,1178.4309999999998,704.6770000000001,6576.0,0
2020-05-22,1199.571,696.58,6338.0,0
2020-05-23,1164.1439999999998,675.6729999999999,6111.0,0
2020-05-24,1002.713,664.434,5992.0,0
2020-05-25,802.288,577.142,5823.0,0
2020-05-26,1071.9980000000003,577.523,5560.0,0
2020-05-27,1018.1449999999999,564.7589999999999,5268.0,0
2020-05-28,993.4309999999998,553.2760000000001,5043.0,0
2020-05-29,891.5719999999999,621.6669999999999,4855.0,0
2020-05-30,871.7149999999999,645.1940000000001,4731.0,0
2020-05-31,843.7119999999999,641.0369999999998,4666.0,0
2020-06-01,816.432,648.49,4553.0,0
2020-06-02,751.574,785.111,4438.0,0
2020-06-03,736.2860000000001,797.801,4144.0,0
2020-06-04,706.431,800.2120000000002,3962.0,0
2020-06-05,677.572,777.0379999999998,3776.0,0
2020-06-06,651.145,759.8920000000002,3651.0,0
2020-06-07,641.859,772.3049999999998,3615.0,0
2020-06-08,634.5730000000001,779.933,3529.0,0
2020-06-09,618.288,655.632,3364.0,0
2020-06-10,610.2880000000001,649.456,3173.0,0
2020-06-11,590.142,657.4559999999999,2955.0,0
2020-06-12,567.284,627.202,2923.0,0
2020-06-13,544.285,636.126,2854.0,0
2020-06-14,533.999,639.0989999999999,2895.0,0
2020-06-15,516.859,643.216,2803.0,0
2020-06-16,511.4290000000001,667.454,2679.0,0
2020-06-17,503.42600000000004,695.3239999999998,2548.0,0
2020-06-18,508.571,765.6379999999998,2481.0,0
2020-06-19,494.4299999999999,772.7819999999999,2356.0,0
2020-06-20,491.428,789.969,2358.0,0
2020-06-21,460.858,786.1030000000001,2280.0,0
2020-06-22,460.57,796.7389999999999,2304.0,0
2020-06-23,452.85299999999995,791.019,2188.0,0
2020-06-24,394.716,783.2170000000001,2158.0,0
2020-06-25,404.716,727.7950000000001,2060.0,0
2020-06-26,413.14500000000004,733.152,2018.0,0
2020-06-27,404.001,737.5570000000001,1972.0,0
2020-06-28,404.71500000000015,744.7140000000002,1986.0,0
2020-06-29,407.288,777.6809999999999,1942.0,0
2020-06-30,396.001,792.022,1957.0,0
2020-07-01,398.144,776.787,1914.0,0
2020-07-02,404.5759999999999,800.606,1852.0,0
2020-07-03,394.28700000000003,807.8070000000001,1806.0,0
2020-07-04,392.43,799.2489999999999,1768.0,0
2020-07-05,375.1410000000001,827.1719999999998,1773.0,0
2020-07-06,394.572,844.6800000000001,1736.0,0
2020-07-07,390.858,850.895,1695.0,0
2020-07-08,386.43100000000004,876.5200000000002,1651.0,0
2020-07-09,386.43,880.0999999999998,1629.0,0
2020-07-10,379.71500000000003,905.0629999999999,1613.0,0
2020-07-11,383.71299999999997,971.6940000000001,1548.0,0
2020-07-12,377.28499999999997,971.0129999999999,1572.0,0
2020-07-13,369.28600000000006,968.8229999999999,1547.0,0
2020-07-14,357.43000000000006,969.3449999999998,1521.0,0
2020-07-15,358.43,969.4870000000001,1505.0,0
2020-07-16,351.71400000000006,998.5139999999998,1480.0,0
2020-07-17,349.71799999999996,1150.1569999999997,1472.0,0
2020-07-18,336.57399999999996,1138.2520000000004,1456.0,0
2020-07-19,330.2869999999999,1168.6929999999998,1482.0,0
2020-07-20,326.71500000000003,1167.0919999999999,1441.0,0
2020-07-21,304.71799999999996,1237.588,1448.0,0
2020-07-22,315.855,1307.299,1377.0,0
2020-07-23,312.858,1326.9940000000001,1340.0,0
2020-07-24,307.57399999999996,1232.8029999999999,1273.0,0
2020-07-25,308.283,1231.1109999999999,1248.0,0
2020-07-26,311.429,1286.2170000000003,1295.0,0
2020-07-27,306.713,1379.0949999999998,1285.0,0
2020-07-28,305.14099999999996,1370.7420000000002,1230.0,0
2020-07-29,309.00300000000004,1405.4809999999998,1197.0,0
2020-07-30,307.146,1447.6129999999996,1211.0,0
2020-07-31,312.2870000000001,1439.978,1217.0,0
2020-08-01,308.2850000000001,1470.932,1482.0,0
2020-08-02,304.42900000000003,1428.5939999999994,1542.0,0
2020-08-03,316.144,1405.9829999999997,1511.0,0
2020-08-04,320.144,1422.9380000000006,1539.0,0
2020-08-05,318.86,1428.613,1494.0,0
2020-08-06,318.572,1476.1680000000003,1491.0,0
2020-08-07,305.714,1593.378,1483.0,0
2020-08-08,319.42699999999996,1625.7600000000002,1468.0,0
2020-08-09,318.859,1646.4699999999998,1558.0,0
2020-08-10,325.71400000000006,1683.1380000000001,1526.0,0
2020-08-11,324.14100000000013,1723.3739999999998,1560.0,0
2020-08-12,306.855,1802.4540000000002,1575.0,0
2020-08-13,323.713,1835.2739999999997,1578.0,0
2020-08-14,326.14100000000013,1784.0349999999996,1604.0,0
2020-08-15,347.856,1790.092,1612.0,0
2020-08-16,346.43000000000006,1716.5220000000004,1713.0,0
2020-08-17,337.00200000000007,1812.4430000000002,1675.0,0
2020-08-18,337.71399999999994,1805.381,1674.0,0
2020-08-19,354.42699999999996,1769.0700000000002,1694.0,0
2020-08-20,351.57099999999997,1736.2920000000004,1726.0,0
2020-08-21,350.28700000000003,1819.0359999999996,1759.0,0
2020-08-22,326.0000000000001,1838.9840000000002,1755.0,0
2020-08-23,327.28700000000003,1857.5189999999998,1916.0,0
2020-08-24,328.85900000000004,1929.5330000000001,1886.0,0
2020-08-25,336.287,1957.7509999999997,1873.0,0
2020-08-26,320.999,2067.902,1854.0,0
2020-08-27,329.856,2048.162,1920.0,0
2020-08-28,330.289,1961.9759999999994,1956.0,0
2020-08-29,326.1450000000001,1980.623,2014.0,0
2020-08-30,326.4290000000001,1995.4920000000002,2142.0,0
2020-08-31,338.5730000000001,1996.8010000000002,2124.0,0
2020-09-01,341.99800000000005,1965.4109999999996,2195.0,0
2020-09-02,348.42799999999994,1885.8549999999996,2226.0,0
2020-09-03,349.43000000000006,1933.4909999999995,2265.0,0
2020-09-04,357.5709999999999,1986.721,2267.0,0
2020-09-05,382.859,2064.7009999999996,2277.0,0
2020-09-06,383.432,2088.1749999999997,2430.0,0
2020-09-07,378.429,2136.6620000000007,2492.0,0
2020-09-08,380.289,2233.5249999999996,2570.0,0
2020-09-09,382.285,2344.5830000000005,2642.0,0
2020-09-10,385.1430000000001,2389.509,2711.0,0
2020-09-11,374.57000000000005,2486.5630000000006,2896.0,0
2020-09-12,376.42599999999993,2538.786,2810.0,0
2020-09-13,382.853,2618.183,2970.0,0
2020-09-14,388.85600000000005,2784.1550000000007,3036.0,0
2020-09-15,413.99999999999994,2827.9160000000006,3109.0,0
2020-09-16,454.8589999999999,2940.5389999999993,3258.0,0
2020-09-17,485.43100000000004,3096.069,3269.0,0
2020-09-18,518.7130000000001,3286.5640000000003,3396.0,0
2020-09-19,526.7140000000002,3362.689,3491.0,0
2020-09-20,532.7149999999999,3497.649000000001,3667.0,0
2020-09-21,548.289,3652.2739999999994,3792.0,0
2020-09-22,568.4280000000001,3793.3639999999996,3929.0,0
2020-09-23,565.288,3908.757999999999,4081.0,0
2020-09-24,560.8580000000001,3978.4830000000006,4207.0,0
2020-09-25,565.4309999999999,4035.065,4359.0,0
2020-09-26,591.0020000000001,4096.397000000001,4421.0,0
2020-09-27,602.0,4007.0279999999993,4592.0,0
2020-09-28,617.43,3993.5560000000005,4735.0,0
2020-09-29,591.856,3961.2599999999998,4826.0,0
2020-09-30,636.575,4057.8059999999996,4964.0,0
2020-10-01,661.4290000000001,4132.51,5059.0,0
2020-10-02,680.43,4307.263999999998,5200.0,0
2020-10-03,684.2890000000001,4442.033000000001,5255.0,0
2020-10-04,695.575,4623.554,5427.0,0
2020-10-05,706.143,5013.652,5567.0,0
2020-10-06,777.286,5206.547999999999,5655.0,0
2020-10-07,769.286,5633.5560000000005,5840.0,0
2020-10-08,790.858,5890.332000000001,5949.0,0
2020-10-09,824.145,6303.7069999999985,6085.0,0
2020-10-10,850.5740000000001,6701.523000000001,6221.0,0
2020-10-11,884.1459999999998,6954.592,6393.0,0
2020-10-12,924.2859999999997,8407.716,6650.0,0
2020-10-13,929.7120000000001,8753.599999999999,6951.0,0
2020-10-14,984.9999999999999,9240.750999999998,7235.0,0
2020-10-15,1041.284,10921.128999999997,7565.0,0
2020-10-16,1096.572,11519.600999999997,7885.0,0
2020-10-17,1149.284,12031.458999999997,8195.0,0
2020-10-18,1189.426,12402.662999999999,8629.0,0
2020-10-19,1241.288,11542.997,9075.0,0
2020-10-20,1336.7160000000001,12090.788000000002,9467.0,0
2020-10-21,1406.8570000000002,12641.348,9914.0,0
2020-10-22,1481.1409999999998,12118.884999999998,10336.0,0
2020-10-23,1561.999,12774.520999999999,10886.0,0
2020-10-24,1643.2839999999999,13166.576000000003,11339.0,0
2020-10-25,1524.5739999999998,13738.331,11986.0,0
2020-10-26,1803.4300000000003,14817.393000000002,12600.0,0
2020-10-27,1936.716,15484.072000000004,13346.0,0
2020-10-28,2034.143,16161.165999999997,14022.0,0
2020-10-29,2151.0029999999997,16926.036999999997,14736.0,0
2020-10-30,2301.4300000000007,17387.4,15409.0,0
2020-10-31,2424.142,17813.213,15900.0,0
2020-11-01,2536.4269999999997,18024.441,16602.0,0
2020-11-02,2632.4269999999997,18116.368,17414.0,0
2020-11-03,2872.4289999999996,18598.106000000003,18243.0,0
2020-11-04,2770.859,18270.571,18941.0,0
2020-11-05,3336.2870000000003,19366.474000000002,19400.0,0
2020-11-06,3532.1399999999994,19506.820999999996,19969.0,0
2020-11-07,3642.853999999999,20110.384,20312.0,0
2020-11-08,3725.43,20086.138999999996,21092.0,0
2020-11-09,3869.4330000000004,19776.649,21435.0,0
2020-11-10,3935.0020000000004,19749.278000000002,21614.0,0
2020-11-11,3967.8590000000004,19542.466,21993.0,0
2020-11-12,4056.142,19582.418999999998,22236.0,0
2020-11-13,4122.715000000001,19579.955000000005,22599.0,0
2020-11-14,4198.145,18910.100999999995,22682.0,0
2020-11-15,4285.428,19100.305999999993,23309.0,0
2020-11-16,4326.7119999999995,19028.419,23130.0,0
2020-11-17,4429.428,18791.373,23299.0,0
2020-11-18,4481.858,18793.418,23359.0,0
2020-11-19,4561.2880000000005,18504.755999999998,23191.0,0
2020-11-20,4675.859,18215.097999999998,23031.0,0
2020-11-21,4725.572,18365.408,22979.0,0
2020-11-22,4751.288,18235.517,23431.0,0
2020-11-23,4801.859,17938.732,23088.0,0
2020-11-24,4857.717,18009.050999999996,22819.0,0
2020-11-25,4871.427,17727.687,22661.0,0
2020-11-26,4938.710999999999,17841.357999999997,22439.0,0
2020-11-27,4965.714,17737.819999999996,22030.0,0
2020-11-28,5001.857,17609.217,21744.0,0
2020-11-29,5013.287,17631.445,22087.0,0
2020-11-30,4999.144,17432.710000000003,21577.0,0
2020-12-01,4958.4310000000005,17372.726,21114.0,0
2020-12-02,4952.284,17244.844,20834.0,0
2020-12-03,4998.001,17049.038,20530.0,0
2020-12-04,4953.715,16986.568999999996,20325.0,0
2020-12-05,4954.716,17239.320999999996,20107.0,0
2020-12-06,4959.289000000001,17162.872999999996,20558.0,0
2020-12-07,4910.714,17104.940000000002,19989.0,0
2020-12-08,4831.860000000001,17057.237999999994,19867.0,0
2020-12-09,4836.287,17069.489,19758.0,0
2020-12-10,4782.999,17222.464999999997,19695.0,0
2020-12-11,4821.001,17393.636000000002,19660.0,0
2020-12-12,4826.426,17483.754,19513.0,0
2020-12-13,4844.996999999999,17570.886,20246.0,0
2020-12-14,4849.2880000000005,17676.586,19839.0,0
2020-12-15,4947.854,17872.772,19748.0,0
2020-12-16,5045.147,18323.141000000003,19741.0,23.0
2020-12-17,5048.856,18209.238,19668.0,24.0
2020-12-18,5048.716,18455.755,19586.0,25.0
2020-12-19,5069.43,18259.089999999997,19610.0,25.0
2020-12-20,5027.0,18360.156,20404.0,25.0
2020-12-21,5027.001,18326.353,20117.0,25.0
2020-12-22,5013.2880000000005,18579.936,20153.0,27.0
2020-12-23,4960.860000000001,18777.302,20112.0,116.0
2020-12-24,4919.573,18980.109,20141.0,182.0
2020-12-25,4570.576,18277.538000000004,20156.0,240.0
2020-12-26,4416.715,17604.496000000006,20505.0,309.0
2020-12-27,4401.715,16943.805,21456.0,512.0
2020-12-28,4368.285,16864.033999999996,21288.0,3421.0
2020-12-29,4476.285,17294.99,21531.0,5406.0
2020-12-30,4567.43,18072.446000000007,21802.0,6714.0
2020-12-31,4632.861000000001,18277.512000000002,21876.0,10240.0
2021-01-01,4668.856,19116.156000000003,21892.0,9579.0
2021-01-02,4702.001,19278.235,22202.0,10597.0
2021-01-03,4705.286,19928.929000000007,23353.0,10246.0
2021-01-04,4715.572,20466.863000000005,23270.0,13071.0
2021-01-05,4758.282999999999,20912.561,23309.0,15165.0
2021-01-06,4625.860000000001,20953.475000000002,23621.0,16341.0
2021-01-07,4623.572,21114.754999999997,23760.0,19115.0
2021-01-08,4955.4259999999995,21405.543,24122.0,21907.0
2021-01-09,5116.0,22356.436999999994,24135.0,23041.0
2021-01-10,5200.285,22365.319000000007,26206.0,23298.0
2021-01-11,5252.715,21837.829999999998,25012.0,68473.0
2021-01-12,5245.861000000001,20870.129,25272.0,72438.0
2021-01-13,5372.145,20114.826,25553.0,74356.0
2021-01-14,5491.572,19324.031000000003,25689.0,76422.0
2021-01-15,5542.0,18360.303,25889.0,76785.0
2021-01-16,5589.858,17731.888000000003,25974.0,75913.0
2021-01-17,5596.859,17188.584,27822.0,71928.0
2021-01-18,5604.429,16861.261,26607.0,74540.0
2021-01-19,5622.859,16590.441,26686.0,75598.0
2021-01-20,5704.573,15688.610000000002,26673.0,73657.0
2021-01-21,5710.430000000001,15520.428000000002,26808.0,77336.0
2021-01-22,5686.859,15140.568000000003,27159.0,82436.0
2021-01-23,5667.144,14961.006,26972.0,88004.0
2021-01-24,5633.715,14999.753,28722.0,93138.0
2021-01-25,5652.861,15137.298000000004,27424.0,103268.0
2021-01-26,5626.43,14686.940999999995,27234.0,106519.0
2021-01-27,5522.0,14668.442000000001,27132.0,111308.0
2021-01-28,5471.713,14408.316999999997,27075.0,113012.0
2021-01-29,5453.287,14319.472000000002,26903.0,113828.0
2021-01-30,5371.572,14049.636999999999,26732.0,112199.0
2021-01-31,5331.859,13970.398999999996,28095.0,112043.0
2021-02-01,5286.996999999999,13676.274999999996,26847.0,116896.0
2021-02-02,5244.0,13707.589,26552.0,119526.0
2021-02-03,5196.5740000000005,13462.632000000001,26441.0,124302.0
2021-02-04,5032.285,13170.941,26174.0,126933.0
2021-02-05,5018.572,12981.58,25853.0,129571.0
2021-02-06,4936.998,12708.99,25317.0,133893.0
2021-02-07,4851.572,12427.149,26583.0,131983.0
2021-02-08,4788.429,12291.190999999999,25066.0,133226.0
2021-02-09,4701.567999999999,11825.054999999998,24748.0,134991.0
2021-02-10,4600.003,11678.498,24394.0,136373.0
2021-02-11,4602.004000000001,11582.052,24055.0,139794.0
2021-02-12,4410.143,11541.633000000002,23607.0,143971.0
2021-02-13,4331.998,11509.240999999998,23224.0,145653.0
2021-02-14,4276.5740000000005,11473.402000000002,24493.0,149721.0
2021-02-15,4180.2880000000005,11430.066,23082.0,145348.0
2021-02-16,4037.715,11274.469000000003,22615.0,141952.0
2021-02-17,3898.571,11073.728000000001,22207.0,140306.0
2021-02-18,3773.858,11169.031999999997,21929.0,138892.0
2021-02-19,3698.572,11144.93,21591.0,135890.0
2021-02-20,3631.003,11281.331,21259.0,128622.0
2021-02-21,3579.5699999999997,11509.413999999999,22525.0,130041.0
2021-02-22,3486.5750000000007,11660.919,21085.0,135290.0
2021-02-23,3421.0009999999997,12025.585999999996,20743.0,140007.0
2021-02-24,3363.8559999999998,12455.206,20483.0,142862.0
2021-02-25,3284.855,12718.793000000003,20188.0,146142.0
2021-02-26,3218.858,12999.189,19944.0,152113.0
2021-02-27,3198.286,13404.545999999997,19891.0,160610.0
2021-02-28,3184.858,13559.304000000004,21186.0,159704.0
2021-03-01,3174.4269999999997,13550.774,19881.0,161449.0
2021-03-02,3118.574,13805.344000000001,19669.0,165432.0
2021-03-03,3132.717,14065.981999999998,19564.0,171179.0
2021-03-04,3134.429,14224.902999999998,19461.0,175425.0
2021-03-05,3151.146,14520.037999999999,19387.0,178860.0
2021-03-06,3130.4310000000005,14660.475999999999,19180.0,182484.0
2021-03-07,3118.5750000000003,14761.375999999998,20800.0,184316.0
2021-03-08,3128.5720000000006,15087.537,19430.0,183015.0
2021-03-09,3104.429,15278.805999999999,19293.0,185787.0
2021-03-10,3079.1440000000002,15560.322,19151.0,184609.0
2021-03-11,3088.8590000000004,15739.652999999998,19127.0,185881.0
2021-03-12,3031.5740000000005,16010.397000000004,19014.0,187071.0
2021-03-13,3056.5710000000004,16153.045,18953.0,183752.0
2021-03-14,3071.574,16128.144,20964.0,192220.0
2021-03-15,3083.001,16273.891000000001,19400.0,204894.0
2021-03-16,3121.8590000000004,16332.545000000004,19453.0,206167.0
2021-03-17,3128.716,16339.946,19300.0,205826.0
2021-03-18,3103.428,16430.949,19270.0,204500.0
2021-03-19,3109.0,16531.541000000005,19236.0,205313.0
2021-03-20,3105.284,16432.873000000003,19195.0,209818.0
2021-03-21,3125.427,16706.586,21539.0,207254.0
2021-03-22,3186.146,15748.560999999994,19803.0,206798.0
2021-03-23,3228.1460000000006,16547.8,19788.0,208702.0
2021-03-24,3228.999,16768.736,19849.0,218706.0
2021-03-25,3348.43,17030.572000000004,19897.0,223742.0
2021-03-26,3514.5710000000004,16886.315,19922.0,228402.0
2021-03-27,3533.2870000000003,17084.749999999993,19970.0,234063.0
2021-03-28,3526.5750000000003,16846.159999999996,22479.0,236741.0
2021-03-29,3478.7140000000004,16990.939000000002,20588.0,241148.0
2021-03-30,3469.2890000000007,17346.471999999994,20635.0,245340.0
2021-03-31,3529.717,16977.484999999997,20630.0,244929.0
2021-04-01,3487.716,16810.619,20652.0,246562.0
2021-04-02,3374.7109999999993,16604.565000000002,20851.0,237581.0
2021-04-03,3418.144,16041.153999999999,20924.0,231395.0
2021-04-04,3451.8549999999996,15853.647,23473.0,227721.0
2021-04-05,3414.572,15388.719000000001,21504.0,222483.0
2021-04-06,3301.2850000000003,14749.927000000001,22023.0,217181.0
2021-04-07,3378.855,14032.894000000002,22131.0,217974.0
2021-04-08,3464.2850000000003,14058.263000000003,22072.0,224753.0
2021-04-09,3575.4300000000003,13770.430999999999,22025.0,242157.0
2021-04-10,3594.1389999999997,13640.205,21934.0,251951.0
2021-04-11,3594.142,13666.012999999999,24539.0,260667.0
2021-04-12,3651.712,13526.273000000001,22324.0,274833.0
2021-04-13,3783.5689999999995,13470.008,22290.0,292126.0
2021-04-14,3743.5730000000003,13721.323,22077.0,299428.0
2021-04-15,3664.2850000000003,12989.349999999997,21914.0,301419.0
2021-04-16,3562.428,12808.952999999998,21866.0,299299.0
2021-04-17,3522.7180000000008,12609.805999999997,21788.0,295011.0
2021-04-18,3494.0029999999997,12315.384999999998,24324.0,293973.0
2021-04-19,3481.0030000000006,12251.742999999995,22089.0,290797.0
2021-04-20,3440.4310000000005,12144.339,21933.0,284096.0
2021-04-21,3388.569,11815.916000000003,21761.0,286060.0
2021-04-22,3354.001,11653.806999999999,21653.0,291995.0
2021-04-23,3323.5710000000004,11363.125999999998,21449.0,293459.0
2021-04-24,3305.857,11192.811999999996,21217.0,296398.0
2021-04-25,3284.428,11036.081000000002,23614.0,295381.0
2021-04-26,3231.571,10848.214,21310.0,293487.0
2021-04-27,3204.2839999999997,10510.455000000002,21008.0,298822.0
2021-04-28,3135.7119999999995,10130.643,20821.0,301812.0
2021-04-29,3076.8579999999997,9953.028999999997,20497.0,305321.0
2021-04-30,2994.5740000000005,9586.687999999998,20207.0,309087.0
2021-05-01,2930.5730000000003,9380.793999999998,19910.0,304053.0
2021-05-02,2862.999,9086.039999999997,22092.0,302198.0
2021-05-03,2778.1430000000005,8736.197000000002,19962.0,301645.0
2021-05-04,2629.0020000000004,8381.938999999997,19526.0,302445.0
2021-05-05,2532.2870000000003,8099.658999999999,19117.0,316961.0
2021-05-06,2484.8579999999997,7972.487999999999,18622.0,327366.0
2021-05-07,2449.2850000000003,7808.945999999998,18236.0,342925.0
2021-05-08,2425.145,7550.0289999999995,17895.0,355243.0
2021-05-09,2426.857,7430.104999999999,19643.0,365778.0
2021-05-10,2401.572,7413.608000000001,17506.0,379721.0
2021-05-11,2399.0,7283.379999999999,16969.0,386321.0
2021-05-12,2354.5679999999998,7089.290999999999,16474.0,383145.0
2021-05-13,2265.997,6401.344000000002,15969.0,369365.0
2021-05-14,2178.857,6166.434,15700.0,357090.0
2021-05-15,2102.855,5939.127999999999,15338.0,357029.0
2021-05-16,2050.142,5755.533999999999,16692.0,352357.0
2021-05-17,1999.9969999999998,5634.216,14955.0,349706.0
2021-05-18,1946.5730000000003,5309.417,14409.0,348419.0
2021-05-19,1880.857,5069.193000000001,13896.0,351537.0
2021-05-20,1818.2870000000003,4815.401,13418.0,361109.0
2021-05-21,1757.9990000000003,4643.461999999999,12951.0,366436.0
2021-05-22,1704.855,4517.906,12662.0,366339.0
2021-05-23,1678.2839999999999,4377.251000000001,13841.0,370038.0
2021-05-24,1623.288,4092.708,12339.0,369448.0
2021-05-25,1569.1429999999996,4051.9550000000004,12041.0,370137.0
2021-05-26,1529.287,3815.0849999999996,11560.0,368917.0
2021-05-27,1497.5730000000003,3710.938,11080.0,368505.0
2021-05-28,1454.0009999999997,3600.314999999999,10636.0,369976.0
2021-05-29,1424.5719999999997,3482.7439999999997,10292.0,369530.0
2021-05-30,1398.2849999999996,3423.7659999999996,11044.0,365585.0
2021-05-31,1387.427,3452.1359999999986,9854.0,365126.0
2021-06-01,1328.142,3132.255,9371.0,367393.0
2021-06-02,1266.0,3015.601999999999,8969.0,365229.0
2021-06-03,1219.1439999999998,2992.207000000001,8620.0,364939.0
2021-06-04,1192.999,2885.875000000001,8239.0,361317.0
2021-06-05,1161.002,2768.785,8060.0,364714.0
2021-06-06,1154.572,2689.957000000001,8776.0,370267.0
2021-06-07,1130.7189999999998,2586.1269999999995,7826.0,375890.0
2021-06-08,1160.1409999999996,2525.243,7473.0,379730.0
2021-06-09,1143.857,2446.0930000000003,7206.0,382761.0
2021-06-10,1137.5709999999997,2265.150000000001,6911.0,386843.0
2021-06-11,1113.001,2152.3990000000003,6619.0,392408.0
2021-06-12,1100.287,2108.207,6462.0,391580.0
2021-06-13,1069.288,2066.141,7071.0,390674.0
2021-06-14,1051.86,2014.4790000000005,6300.0,388708.0
2021-06-15,987.4299999999998,1923.268,5996.0,384554.0
2021-06-16,968.432,1832.6599999999999,5770.0,383313.0
2021-06-17,930.716,1717.5410000000004,5508.0,383984.0
2021-06-18,914.002,1637.5710000000001,5319.0,376623.0
2021-06-19,890.8570000000001,1593.2500000000002,4960.0,374691.0
2021-06-20,911.7130000000002,1578.2150000000004,5474.0,376349.0
2021-06-21,921.289,1582.7610000000004,5002.0,373653.0
2021-06-22,911.57,1586.0810000000001,4788.0,369135.0
2021-06-23,903.4280000000001,1607.6959999999997,4611.0,360690.0
2021-06-24,914.2889999999999,1641.464,4495.0,351593.0
2021-06-25,932.0019999999998,1692.0029999999997,4323.0,346196.0
2021-06-26,978.2869999999999,1705.5030000000002,4242.0,342800.0
2021-06-27,989.5719999999999,1756.8229999999999,4610.0,337622.0
2021-06-28,1005.858,1814.6169999999997,4213.0,337509.0
2021-06-29,1043.1440000000002,1923.2489999999993,4026.0,334512.0
2021-06-30,1056.5729999999999,1957.2230000000004,3881.0,335850.0
2021-07-01,1052.2849999999999,2245.1769999999997,3790.0,339468.0
2021-07-02,1041.7129999999997,2429.6200000000003,3732.0,343201.0
2021-07-03,1008.7130000000002,2607.418,3680.0,341864.0
2021-07-04,1003.0,2707.9070000000006,4008.0,341139.0
2021-07-05,1014.573,2985.512,3730.0,341236.0
2021-07-06,978.0010000000001,3339.924,3675.0,342134.0
2021-07-07,962.2869999999998,3685.9370000000004,3651.0,338180.0
2021-07-08,968.1420000000002,3941.646,3609.0,327714.0
2021-07-09,961.5730000000001,4312.1320000000005,3603.0,320454.0
2021-07-10,963.8570000000002,4660.997,3580.0,319302.0
2021-07-11,973.859,4988.407999999999,3873.0,317737.0
2021-07-12,970.432,5381.518999999998,3782.0,313045.0
2021-07-13,978.4290000000002,5719.566999999999,3849.0,310357.0
2021-07-14,969.146,6054.8809999999985,3922.0,305735.0
2021-07-15,964.2869999999999,6659.961999999999,3963.0,304966.0
2021-07-16,967.285,7052.419999999998,3997.0,301127.0
2021-07-17,971.4279999999999,7497.832000000001,4007.0,297200.0
2021-07-18,981.2849999999999,7927.713000000001,4314.0,295368.0
2021-07-19,982.7149999999999,8602.505000000001,4333.0,294612.0
2021-07-20,981.429,9163.465999999999,4399.0,286483.0
2021-07-21,982.7160000000001,9573.651,4485.0,278324.0
2021-07-22,990.432,10191.284999999998,4659.0,269185.0
2021-07-23,1000.0039999999999,10434.469999999998,4705.0,265014.0
2021-07-24,1008.1459999999998,10394.338999999998,4834.0,259462.0
2021-07-25,1010.573,10426.753,5257.0,253611.0
2021-07-26,1021.7169999999999,10220.599999999997,5350.0,249134.0
2021-07-27,1029.4309999999998,9770.617,5521.0,249444.0
2021-07-28,1047.713,9634.59,5582.0,248483.0
2021-07-29,1049.8559999999998,8849.458,5714.0,244947.0
2021-07-30,1059.858,8495.856,5810.0,239651.0
2021-07-31,1067.999,8169.308,5888.0,240861.0
2021-08-01,1075.141,7729.6550000000025,6204.0,240022.0
2021-08-02,1101.2859999999998,8280.966,6259.0,234712.0
2021-08-03,1117.719,8461.453,6410.0,229691.0
2021-08-04,1124.1450000000002,8502.350999999999,6466.0,225125.0
2021-08-05,1142.286,8609.205,6521.0,219343.0
2021-08-06,1148.856,8763.184,6604.0,219473.0
2021-08-07,1151.715,8927.731,6671.0,216052.0
2021-08-08,1155.2870000000003,9106.104,7021.0,215510.0
2021-08-09,1158.431,8304.284000000001,7001.0,214918.0
2021-08-10,1160.2830000000001,8385.718999999997,7031.0,213164.0
2021-08-11,1167.7140000000002,8431.715999999999,7080.0,215417.0
2021-08-12,1173.003,8548.491,7199.0,216506.0
2021-08-13,1187.144,8715.624,7262.0,213837.0
2021-08-14,1199.5729999999999,8869.713,7295.0,211323.0
2021-08-15,1211.713,8956.846,7597.0,209576.0
2021-08-16,1228.144,9063.124999999996,7559.0,207796.0
2021-08-17,1253.1430000000003,9151.595999999996,7644.0,205449.0
2021-08-18,1286.0000000000002,9381.113000000001,7788.0,199176.0
2021-08-19,1313.8580000000002,9555.365000000002,7860.0,195895.0
2021-08-20,1328.717,9756.530999999997,7966.0,192738.0
2021-08-21,1346.717,9922.616,8034.0,193479.0
2021-08-22,1363.7140000000004,10052.969,8518.0,193309.0
2021-08-23,1395.5750000000003,10111.194999999998,8238.0,191003.0
2021-08-24,1425.854,10303.450999999997,8340.0,189814.0
2021-08-25,1439.712,10336.831,8376.0,187488.0
2021-08-26,1460.855,10486.431,8456.0,185068.0
2021-08-27,1485.8560000000002,10432.259,8565.0,182880.0
2021-08-28,1493.4280000000003,10459.889000000006,8577.0,177706.0
2021-08-29,1504.8590000000004,10442.399000000001,9180.0,173478.0
2021-08-30,1508.144,10360.599000000002,8727.0,169484.0
2021-08-31,1526.288,10164.407000000001,8729.0,163205.0
2021-09-01,1528.286,10159.196999999998,8805.0,156507.0
2021-09-02,1538.0020000000002,9730.705999999998,8855.0,151067.0
2021-09-03,1550.714,9918.962,8904.0,146336.0
2021-09-04,1557.1419999999998,9868.931000000002,8918.0,144711.0
2021-09-05,1563.7150000000001,9826.267,9589.0,144582.0
2021-09-06,1578.0,9682.211999999998,9082.0,141198.0
2021-09-07,1582.144,9878.003000000002,9041.0,138151.0
2021-09-08,1609.712,9812.464999999998,9047.0,135876.0
2021-09-09,1615.1450000000002,9754.207,8949.0,133730.0
2021-09-10,1619.429,9817.1,8924.0,135012.0
2021-09-11,1617.14,9743.741000000002,8858.0,135715.0
2021-09-12,1613.2849999999999,9757.289999999997,9803.0,135471.0
2021-09-13,1610.4280000000003,9941.424,8910.0,136807.0
2021-09-14,1646.0000000000002,9843.666999999998,8830.0,137250.0
2021-09-15,1654.7149999999997,9540.253999999999,8768.0,138216.0
2021-09-16,1664.2870000000003,9951.450000000003,8615.0,137907.0
2021-09-17,1676.571,9951.316,8525.0,136410.0
2021-09-18,1688.714,10030.512000000002,8437.0,134779.0
2021-09-19,1694.0,10015.685000000005,9598.0,133000.0
2021-09-20,1724.5720000000001,9987.062999999998,8294.0,129820.0
2021-09-21,1716.427,9907.535,8087.0,127604.0
2021-09-22,1725.716,9989.144,7958.0,124410.0
2021-09-23,1751.5679999999998,9767.159000000001,7736.0,121619.0
2021-09-24,1767.1439999999996,9669.357999999998,7598.0,118874.0
2021-09-25,1771.2849999999999,9668.266,7571.0,117175.0
2021-09-26,1778.9989999999998,9723.749,9058.0,116107.0
2021-09-27,1785.1440000000002,9736.026,7476.0,115216.0
2021-09-28,1799.998,9931.464999999997,7326.0,113697.0
2021-09-29,1830.1420000000003,10072.952,7136.0,111899.0
2021-09-30,1837.5729999999999,10295.936000000002,7023.0,114416.0
2021-10-01,1853.857,10409.977,6926.0,112893.0
2021-10-02,1885.4320000000002,10517.186999999998,6782.0,113058.0
2021-10-03,1917.8560000000004,10564.374999999998,8704.0,113906.0
2021-10-04,1935.4279999999999,10702.629999999996,6787.0,114479.0
2021-10-05,1983.86,10788.279,6831.0,115058.0
2021-10-06,2030.1439999999998,10920.844000000001,6767.0,115977.0
2021-10-07,2064.2859999999996,11079.010999999999,6683.0,114606.0
2021-10-08,2118.86,11357.054000000004,6559.0,115346.0
2021-10-09,2154.288,11562.080000000002,6471.0,115472.0
2021-10-10,2178.0009999999997,11679.964000000002,8525.0,114921.0
2021-10-11,2213.146,11908.190999999999,6422.0,115134.0
2021-10-12,2241.432,12065.305999999997,6490.0,117368.0
2021-10-13,2286.7149999999997,12330.157,6487.0,125836.0
2021-10-14,2331.143,12558.449,6438.0,125287.0
2021-10-15,2343.146,12985.332,6424.0,128297.0
2021-10-16,2366.286,13227.289000000002,6465.0,132521.0
2021-10-17,2402.43,13579.95,8920.0,135726.0
2021-10-18,2434.147,13907.712,6624.0,140306.0
2021-10-19,2501.002,14361.820999999994,6710.0,144342.0
2021-10-20,2530.717,14935.18,6755.0,143424.0
2021-10-21,2577.0,15642.188000000002,6853.0,163199.0
2021-10-22,2657.2870000000003,16439.767,6854.0,167240.0
2021-10-23,2735.573,17217.227,6894.0,168703.0
2021-10-24,2790.859,17818.961,9586.0,169986.0
2021-10-25,2844.715,18201.867000000002,7148.0,172945.0
2021-10-26,2908.4280000000003,18875.217999999997,7316.0,172870.0
2021-10-27,3007.001,19614.442999999996,7401.0,173879.0
2021-10-28,3069.7140000000004,20319.595,7491.0,159915.0
2021-10-29,3131.715,20619.025999999998,7724.0,159326.0
2021-10-30,3163.8579999999997,20785.596,7808.0,157920.0
2021-10-31,3194.1409999999996,20828.682000000004,10666.0,155964.0
2021-11-01,3226.285,20985.988000000012,8261.0,150945.0
2021-11-02,3242.0009999999997,20799.819,8430.0,151528.0
2021-11-03,3281.998,21454.960000000006,8570.0,152799.0
2021-11-04,3359.7149999999997,21903.717000000004,8817.0,156744.0
2021-11-05,3404.9969999999994,22237.435999999994,8982.0,158172.0
2021-11-06,3469.1409999999996,22595.275999999994,9031.0,160170.0
2021-11-07,3475.7169999999996,22630.577,12071.0,161274.0
2021-11-08,3548.86,23492.220000000005,9491.0,167873.0
2021-11-09,3621.428,24314.718000000008,9666.0,172907.0
2021-11-10,3689.286,24494.013000000006,9764.0,177012.0
2021-11-11,3695.5699999999997,24237.401,9934.0,177976.0
2021-11-12,3702.5710000000004,24630.248000000003,10062.0,183874.0
2021-11-13,3708.429,24834.393,10232.0,187585.0
2021-11-14,3717.285,24948.875,13280.0,194144.0
2021-11-15,3750.281,25613.565000000006,10776.0,196502.0
2021-11-16,3782.855,26192.043999999987,10945.0,201054.0
2021-11-17,3813.999,26815.221,11168.0,208948.0
2021-11-18,3847.857,27527.629000000004,11315.0,217202.0
2021-11-19,3898.572,27962.945999999996,11490.0,220499.0
2021-11-20,3899.8559999999998,27918.755999999998,11577.0,223719.0
2021-11-21,3883.434,28063.815,14536.0,221411.0
2021-11-22,3914.2869999999994,29574.298000000003,12312.0,226437.0
2021-11-23,3910.858,29320.536000000015,12589.0,230457.0
2021-11-24,3882.0040000000004,29518.286000000004,12796.0,234683.0
2021-11-25,3899.145,29996.746999999996,13053.0,240954.0
2021-11-26,3899.857,30634.344000000005,13311.0,245492.0
2021-11-27,3880.2839999999997,30283.163,13516.0,247465.0
2021-11-28,3904.9989999999993,30488.208999999995,16121.0,250243.0
2021-11-29,3893.714,29828.710000000003,14208.0,255174.0
2021-11-30,3901.142,31115.40399999999,14480.0,257808.0
2021-12-01,3909.1409999999996,31570.973000000005,14548.0,260845.0
2021-12-02,3894.5750000000007,31735.84599999999,14821.0,264542.0
2021-12-03,3919.0,31973.996999999996,14949.0,268362.0
2021-12-04,3897.285,31964.710999999996,14899.0,274472.0
2021-12-05,3861.5740000000005,31792.291999999994,16934.0,278159.0
2021-12-06,3874.5730000000003,32333.269000000008,15374.0,283197.0
2021-12-07,3866.142,32166.384000000002,15567.0,292344.0
2021-12-08,3868.144,31085.910999999982,15779.0,300220.0
2021-12-09,3878.576,31377.01300000001,15926.0,309137.0
2021-12-10,3870.2870000000003,30922.45,15864.0,320778.0
2021-12-11,3835.571,30328.254,15798.0,331994.0
2021-12-12,3837.146,30434.620999999992,17560.0,341694.0
2021-12-13,3816.4280000000003,28724.299000000003,16308.0,346839.0
2021-12-14,3831.1450000000004,30021.156999999996,16269.0,353346.0
2021-12-15,3802.142,29827.528999999995,16233.0,362633.0
2021-12-16,3774.5740000000005,29308.778999999995,16089.0,370371.0
2021-12-17,3724.2870000000003,29929.32300000001,15999.0,378047.0
2021-12-18,3698.7140000000004,30298.539,15882.0,381614.0
2021-12-19,3692.283,30446.671000000002,17259.0,387157.0
2021-12-20,3662.1440000000002,31850.888,16124.0,396755.0
2021-12-21,3564.141,30154.570000000014,16082.0,437566.0
2021-12-22,3530.715,31593.834000000006,15961.0,479498.0
2021-12-23,3479.428,32755.89900000001,15811.0,462774.0
2021-12-24,3326.431,32016.863999999998,15652.0,421808.0
2021-12-25,3257.715,32645.671000000002,15681.0,387374.0
2021-12-26,3234.0,32100.984999999997,16925.0,364788.0
2021-12-27,3203.0020000000004,35359.99899999999,15966.0,346682.0
2021-12-28,3190.1440000000002,37934.89699999999,15907.0,300796.0
2021-12-29,3183.57,42251.538,15873.0,239006.0
2021-12-30,3178.7170000000006,46216.460999999996,15774.0,232550.0
2021-12-31,3176.1440000000002,52432.49300000001,15664.0,236570.0
2022-01-01,3145.2890000000007,55737.93099999998,15609.0,241122.0
2022-01-02,3122.57,57059.92499999998,16670.0,246339.0
2022-01-03,2974.9979999999996,61657.438999999984,15918.0,246718.0
2022-01-04,3020.5740000000005,73271.442,15857.0,243291.0
2022-01-05,3003.5730000000003,80027.439,15614.0,242537.0
2022-01-06,2954.574,82847.83499999999,15632.0,249172.0
2022-01-07,2930.2880000000005,87033.49900000003,15519.0,267630.0
2022-01-08,2874.8610000000003,87989.66999999998,15398.0,280492.0
2022-01-09,2878.001,94399.038,16488.0,283162.0
2022-01-10,2951.572,99625.803,15610.0,283063.0
2022-01-11,2907.2870000000003,94660.878,15558.0,282757.0
2022-01-12,2910.856,96182.04399999998,15349.0,282516.0
2022-01-13,2904.429,98418.41399999998,15090.0,279810.0
2022-01-14,2971.285,99635.46300000002,14847.0,277022.0
2022-01-15,3016.2839999999997,102346.41699999999,14582.0,272935.0
2022-01-16,3031.286,101972.50899999999,15666.0,268491.0
2022-01-17,3050.5750000000003,99192.327,14614.0,260110.0
2022-01-18,3046.1440000000002,103087.42100000003,14404.0,247247.0
2022-01-19,2958.712,103350.36000000004,14163.0,235662.0
2022-01-20,2964.0020000000004,110244.16900000001,13930.0,225874.0
2022-01-21,2935.288,116052.38300000005,13819.0,216438.0
2022-01-22,2901.429,118953.85500000001,13651.0,212326.0
2022-01-23,2889.9979999999996,121159.063,14878.0,208677.0
2022-01-24,2885.572,125947.39199999999,13610.0,201096.0
2022-01-25,2878.714,132188.11999999994,13414.0,191236.0
2022-01-26,2897.002,135950.692,13211.0,180537.0
2022-01-27,2880.1419999999994,136355.836,12960.0,168087.0
2022-01-28,2906.142,135948.33499999996,12885.0,160381.0
2022-01-29,2915.717,139137.79099999997,12766.0,154578.0
2022-01-30,2917.573,139392.66899999997,14273.0,150575.0
2022-01-31,2948.999,139249.22899999993,12954.0,148859.0
2022-02-01,2766.2870000000003,136089.331,12857.0,146940.0
2022-02-02,2995.7169999999996,136447.02000000002,12769.0,142342.0
2022-02-03,3028.5750000000007,133112.54499999998,12472.0,136948.0
2022-02-04,3036.147000000001,133318.48700000002,12497.0,131955.0
2022-02-05,3069.571,128931.32899999998,12461.0,127451.0
2022-02-06,3090.1460000000006,129616.835,14131.0,122326.0
2022-02-07,3136.2870000000003,127955.27700000002,12527.0,113767.0
2022-02-08,3245.4309999999996,127638.59900000002,12325.0,106998.0
2022-02-09,3237.8630000000007,121331.814,12130.0,100472.0
2022-02-10,3320.572,120782.57799999996,11938.0,96169.0
2022-02-11,3387.8579999999997,116846.20500000003,11774.0,90424.0
2022-02-12,3405.7139999999995,115723.00499999999,11614.0,87020.0
2022-02-13,3401.283,111268.22800000002,13394.0,84775.0
2022-02-14,3430.9979999999996,106300.211,11524.0,83599.0
2022-02-15,3362.713,100163.31799999998,11232.0,81042.0
2022-02-16,3471.429,99181.14000000003,10979.0,81318.0
2022-02-17,3449.711,92547.302,10646.0,81125.0
2022-02-18,3451.0020000000004,87356.762,10396.0,79032.0
2022-02-19,3429.7170000000006,83666.61900000002,10266.0,77936.0
2022-02-20,3413.5750000000007,83996.07699999999,12014.0,78792.0
2022-02-21,3318.857,80618.25900000002,10136.0,75883.0
2022-02-22,3351.715,76567.49900000001,9924.0,71952.0
2022-02-23,3253.4300000000003,75330.14099999997,9725.0,66075.0
2022-02-24,3169.0,74442.06899999999,9348.0,61501.0
2022-02-25,3064.1429999999996,72465.01699999999,9079.0,58478.0
2022-02-26,3008.715,70644.623,8868.0,55106.0
2022-02-27,2994.572,68005.247,10518.0,52277.0
2022-02-28,2903.8580000000006,66611.298,8777.0,50324.0
2022-03-01,2827.142,66522.83099999999,8616.0,48261.0
2022-03-02,2731.284,63513.32400000002,8350.0,46290.0
2022-03-03,2670.288,61025.79400000001,8081.0,43801.0
2022-03-04,2657.143,58473.26000000001,7822.0,41957.0
2022-03-05,2635.8549999999996,59834.60400000001,7729.0,41128.0
2022-03-06,2569.7160000000003,58008.495,9140.0,41233.0
2022-03-07,2553.7129999999997,59342.44600000001,7727.0,39030.0
2022-03-08,2397.7140000000004,58530.386,7597.0,37593.0
2022-03-09,2383.1440000000002,58869.80899999999,7401.0,39906.0
2022-03-10,2314.002,60060.054000000004,7249.0,40888.0
2022-03-11,2221.1440000000002,60526.271,7157.0,41521.0
2022-03-12,2161.428,60411.341,7054.0,41208.0
2022-03-13,2137.7140000000004,60782.452000000005,8249.0,41249.0
2022-03-14,2070.2870000000003,60533.464000000014,7158.0,43327.0
2022-03-15,2070.8579999999997,60857.661,7203.0,44772.0
2022-03-16,1984.142,60626.107,7003.0,42541.0
2022-03-17,1932.0020000000002,61387.110000000015,6923.0,41168.0
2022-03-18,1936.7169999999996,60136.249,6865.0,40175.0
2022-03-19,1905.146,60176.68199999999,6749.0,39774.0
2022-03-20,1889.717,59559.599,7647.0,39607.0
2022-03-21,1875.003,59494.941000000006,7001.0,39397.0
2022-03-22,1858.9990000000003,59100.397999999994,6986.0,39027.0
2022-03-23,1822.2880000000002,58899.407999999996,6801.0,40048.0
2022-03-24,1807.5729999999999,58087.99399999999,6740.0,41939.0
2022-03-25,1806.859,57410.96899999997,6675.0,42101.0
2022-03-26,1780.7179999999994,56421.464,6735.0,42145.0
2022-03-27,1746.29,56199.914000000004,7481.0,41753.0
2022-03-28,1731.7160000000003,54593.76100000002,6849.0,41578.0
2022-03-29,1604.0040000000004,52395.05900000001,6913.0,41280.0
2022-03-30,1648.285,50530.20200000002,6736.0,40249.0
2022-03-31,1664.2870000000007,48590.944000000025,6682.0,39115.0
2022-04-01,1634.7140000000004,46005.280999999995,6604.0,38323.0
2022-04-02,1632.858,44755.47699999999,6508.0,38005.0
2022-04-03,1634.145,43546.924,7168.0,37743.0
2022-04-04,1622.145,39976.66299999999,6493.0,36721.0
2022-04-05,1658.139,37907.125,6477.0,37187.0
2022-04-06,1431.1409999999998,35645.463,6327.0,35961.0
2022-04-07,1555.716,35737.04,6208.0,35397.0
2022-04-08,1550.5720000000001,34210.018000000004,6143.0,35091.0
2022-04-09,1525.1430000000003,33209.615,6078.0,34774.0
2022-04-10,1511.718,32828.06,6621.0,34465.0
2022-04-11,1512.43,30729.297999999995,6141.0,34595.0
2022-04-12,1454.1450000000002,30428.036000000007,6176.0,33251.0
2022-04-13,1464.0020000000002,28306.038999999997,5961.0,32805.0
2022-04-14,1459.5730000000003,25174.791999999998,5855.0,32204.0
2022-04-15,1327.0009999999997,23846.450999999997,5719.0,30369.0
2022-04-16,1306.8569999999997,23046.191000000003,5342.0,29205.0
2022-04-17,1290.143,22159.394000000004,5837.0,28288.0
2022-04-18,1158.001,19559.72,5574.0,27824.0
2022-04-19,1162.001,18977.402,5800.0,27749.0
2022-04-20,1238.573,18144.289999999994,5652.0,27635.0
2022-04-21,1195.1429999999998,21218.574999999997,5522.0,33525.0
2022-04-22,1251.8580000000004,22621.041,5377.0,35551.0
2022-04-23,1240.428,22495.414,5281.0,36732.0
2022-04-24,1218.1420000000007,22401.133999999995,5657.0,37794.0
2022-04-25,1283.1410000000005,23142.72999999999,5358.0,37888.0
2022-04-26,1285.998,21639.914000000004,5313.0,38452.0
2022-04-27,1167.714,20190.278,5029.0,39292.0
2022-04-28,1170.4270000000001,16630.292999999998,4983.0,33818.0
2022-04-29,1148.432,17942.015999999996,4878.0,33985.0
2022-04-30,1127.5719999999997,17526.231,4716.0,33749.0
2022-05-01,1124.142,17372.081,5022.0,33244.0
2022-05-02,1098.857,17215.084000000003,4687.0,32021.0
2022-05-03,1046.287,16654.126,4649.0,31054.0
2022-05-04,994.4269999999999,17596.527999999995,4454.0,30160.0
2022-05-05,948.428,16436.189000000002,4306.0,29132.0
2022-05-06,925.431,13755.976999999995,4183.0,28190.0
2022-05-07,915.4270000000001,13637.167999999996,4066.0,27721.0
2022-05-08,903.8570000000001,13748.949999999997,4360.0,27408.0
2022-05-09,918.4300000000001,13755.742000000002,4086.0,28363.0
2022-05-10,885.7150000000001,13713.425,4056.0,28546.0
2022-05-11,869.4319999999998,12653.155,3924.0,28491.0
2022-05-12,834.858,13005.255000000001,3783.0,28836.0
2022-05-13,828.857,12895.427000000005,3682.0,29039.0
2022-05-14,812.0020000000001,13029.861000000003,3580.0,29060.0
2022-05-15,795.857,13027.719000000003,3825.0,29623.0
2022-05-16,760.5719999999999,12590.167999999998,3630.0,29942.0
2022-05-17,767.7149999999999,12186.205999999998,3686.0,30066.0
2022-05-18,754.571,13451.283999999998,3456.0,29801.0
2022-05-19,728.7139999999999,12046.957999999999,3379.0,29377.0
2022-05-20,670.4289999999996,11890.925,3302.0,29042.0
2022-05-21,700.8589999999998,11400.28,3217.0,28752.0
2022-05-22,686.7139999999997,10349.811000000002,3377.0,28381.0
2022-05-23,664.9960000000001,11010.878999999999,3013.0,27036.0
2022-05-24,574.2859999999998,11752.374000000003,3065.0,25884.0
2022-05-25,621.001,11086.661999999998,2862.0,25031.0
2022-05-26,591.2840000000001,10332.911,2768.0,23474.0
2022-05-27,617.286,10248.925999999998,2775.0,22245.0
2022-05-28,573.1429999999999,10082.25,2706.0,21253.0
2022-05-29,569.1439999999999,10046.538999999999,2793.0,20481.0
2022-05-30,545.8579999999997,9475.569,2680.0,20421.0
2022-05-31,533.0,9307.808,2734.0,20358.0
2022-06-01,518.001,8337.089000000002,2563.0,19976.0
2022-06-02,522.8599999999999,9225.119,2550.0,19748.0
2022-06-03,509.57399999999996,9268.993999999999,2493.0,19068.0
2022-06-04,494.8609999999999,9216.009,2425.0,18439.0
2022-06-05,492.289,9222.066,2531.0,18623.0
2022-06-06,461.14200000000005,8659.392000000002,2433.0,17766.0
2022-06-07,484.716,9251.737999999998,2540.0,16987.0
2022-06-08,477.291,9782.703999999996,2396.0,16662.0
2022-06-09,461.2879999999999,10294.839000000002,2390.0,16746.0
2022-06-10,444.00300000000004,10107.525,2365.0,17122.0
2022-06-11,448.8589999999999,9883.241,2327.0,17521.0
2022-06-12,448.2889999999999,10117.585000000001,2429.0,17059.0
2022-06-13,555.8610000000001,10680.521000000002,2419.0,17348.0
2022-06-14,560.86,11248.376999999999,2561.0,17446.0
2022-06-15,536.572,13461.045999999998,2427.0,17482.0
2022-06-16,528.5699999999999,13252.294999999998,2405.0,17347.0
2022-06-17,517.0009999999999,13230.978000000005,2408.0,17219.0
2022-06-18,510.001,13347.434000000003,2375.0,17494.0
2022-06-19,508.57099999999997,13468.380000000005,2526.0,17509.0
2022-06-20,443.28600000000006,15252.014000000001,2552.0,17781.0
2022-06-21,418.573,15759.472999999996,2700.0,17838.0
2022-06-22,425.1440000000001,14684.350999999997,2647.0,17894.0
2022-06-23,432.14200000000005,15568.464,2703.0,17996.0
2022-06-24,443.28700000000003,17535.353000000006,2703.0,17789.0
2022-06-25,443.571,17783.257999999998,2677.0,17599.0
2022-06-26,450.57200000000006,17941.584000000003,2861.0,17621.0
2022-06-27,441.7130000000001,17790.720000000005,2999.0,17427.0
2022-06-28,431.5710000000001,18290.856999999996,3155.0,17305.0
2022-06-29,445.8560000000002,23729.545000000002,3090.0,16939.0
2022-06-30,443.8590000000001,24695.105,3126.0,17131.0
2022-07-01,453.0000000000001,26750.771,3222.0,17183.0
2022-07-02,461.428,27037.457,3199.0,16768.0
2022-07-03,464.5709999999999,27190.632000000005,3364.0,16479.0
2022-07-04,475.14099999999996,27627.208,3438.0,16273.0
2022-07-05,519.86,29916.425999999996,3573.0,16293.0
2022-07-06,520.8590000000002,26668.29999999999,3514.0,16462.0
2022-07-07,545.145,26614.460000000006,3552.0,16509.0
2022-07-08,601.29,26676.371999999992,3585.0,16730.0
2022-07-09,606.431,28424.413,3489.0,16863.0
2022-07-10,612.289,28621.321,3716.0,16800.0
2022-07-11,640.4300000000001,28558.569,3811.0,17272.0
2022-07-12,656.7169999999999,28046.004,4008.0,17951.0
2022-07-13,672.9989999999998,27172.432999999994,4046.0,19014.0
2022-07-14,671.5719999999999,26025.700000000004,4042.0,19513.0
2022-07-15,646.858,25975.328,4084.0,20304.0
2022-07-16,648.2860000000001,24494.778,4092.0,20887.0
2022-07-17,655.7149999999999,24334.656,4314.0,21465.0
2022-07-18,693.1419999999999,25534.744,4329.0,21880.0
2022-07-19,742.001,29774.082,4458.0,22473.0
2022-07-20,775.7149999999997,29769.758000000005,4359.0,22404.0
2022-07-21,794.1419999999998,29988.379999999997,4418.0,22940.0
2022-07-22,846.4250000000002,28858.188999999988,4448.0,23493.0
2022-07-23,851.4259999999999,28615.654,4385.0,23575.0
2022-07-24,848.5660000000001,28673.829999999994,4672.0,23484.0
2022-07-25,813.1390000000001,27390.485,4666.0,23601.0
2022-07-26,792.858,21861.577999999998,4789.0,23682.0
2022-07-27,822.286,22958.141999999996,4577.0,24126.0
2022-07-28,846.711,22221.063,4450.0,24425.0
2022-07-29,831.4299999999998,21126.252,4333.0,24163.0
2022-07-30,831.7149999999999,21166.439,4231.0,24057.0
2022-07-31,831.143,21091.364999999998,4523.0,24028.0
2022-08-01,830.8580000000002,20609.886000000006,4303.0,23938.0
2022-08-02,790.7150000000001,21630.094999999998,4262.0,23609.0
2022-08-03,802.8569999999999,19993.125999999997,4128.0,23353.0
2022-08-04,815.287,20464.985999999997,4066.0,22937.0
2022-08-05,817.858,19268.022999999997,3992.0,22720.0
2022-08-06,824.1429999999998,19882.153,3895.0,22725.0
2022-08-07,822.2849999999997,20054.834,4201.0,22869.0
2022-08-08,829.7140000000002,19413.528999999995,3956.0,23011.0
2022-08-09,884.1429999999998,17904.534,3866.0,22750.0
2022-08-10,876.4290000000001,17082.084999999995,3698.0,22363.0
2022-08-11,860.2879999999997,16178.596999999996,3574.0,21983.0
2022-08-12,844.9999999999998,16376.362999999996,3493.0,22009.0
2022-08-13,843.857,15454.207999999997,3380.0,21873.0
2022-08-14,844.4259999999998,15078.917999999998,3756.0,22024.0
2022-08-15,792.002,14416.774999999998,3435.0,21194.0
2022-08-16,758.8559999999999,13719.189999999995,3439.0,20820.0
2022-08-17,749.2850000000001,13408.972,3325.0,20655.0
2022-08-18,760.142,12820.239000000001,3256.0,20601.0
2022-08-19,745.9990000000001,12340.671,3148.0,20135.0
2022-08-20,737.857,12229.978000000003,3019.0,20198.0
2022-08-21,732.2879999999998,12156.88,3343.0,20232.0
2022-08-22,690.0019999999998,12348.075000000003,3008.0,20508.0
2022-08-23,714.2839999999999,11808.875,2930.0,20407.0
2022-08-24,704.998,11507.031999999997,2804.0,20498.0
2022-08-25,684.2860000000001,11220.097,2751.0,20248.0
2022-08-26,660.569,10873.659000000001,2711.0,19645.0
2022-08-27,660.427,10739.836000000001,2634.0,18837.0
2022-08-28,659.9999999999998,10665.973,2955.0,18121.0
2022-08-29,660.8579999999998,10229.137,2695.0,17972.0
2022-08-30,641.285,10163.485999999997,2670.0,18562.0
2022-08-31,643.856,9523.048999999999,2547.0,18938.0
2022-09-01,625.5709999999999,9263.434,2508.0,19159.0
2022-09-02,625.717,9006.159,2484.0,19707.0
2022-09-03,619.1429999999998,9276.502,2409.0,20169.0
2022-09-04,614.8589999999998,9235.160999999998,2609.0,20702.0
2022-09-05,604.144,9363.576999999997,2410.0,21672.0
2022-09-06,586.145,8776.283,2388.0,22279.0
2022-09-07,516.289,8848.133000000002,2327.0,22868.0
2022-09-08,558.288,8468.091000000002,2314.0,23770.0
2022-09-09,538.4299999999998,8071.0470000000005,2238.0,24790.0
2022-09-10,537.8579999999998,8065.947,2182.0,26361.0
2022-09-11,534.429,8068.87,2391.0,27548.0
2022-09-12,519.1429999999999,8237.300000000001,2201.0,28810.0
2022-09-13,510.575,8357.148000000001,2270.0,30888.0
2022-09-14,518.716,8772.279,2238.0,32659.0
2022-09-15,545.8570000000001,9755.190000000002,2222.0,34764.0
2022-09-16,583.2840000000001,10462.791000000001,2153.0,36473.0
2022-09-17,581.856,10290.161000000002,2094.0,36977.0
2022-09-18,586.2840000000001,10458.388000000003,2291.0,37528.0
2022-09-19,589.4280000000001,10258.326000000001,2144.0,37611.0
2022-09-20,584.001,10647.368000000004,2192.0,38255.0
2022-09-21,547.4300000000001,9763.278000000002,2143.0,39241.0
2022-09-22,514.8570000000002,9981.006999999998,2173.0,40267.0
2022-09-23,486.999,10193.307999999999,2199.0,40999.0
2022-09-24,489.1410000000001,10260.758999999998,2158.0,42275.0
2022-09-25,484.428,10204.605000000001,2359.0,42173.0
2022-09-26,491.85800000000006,10653.623999999996,2353.0,43363.0
2022-09-27,487.00199999999995,11229.998999999998,2474.0,43425.0
2022-09-28,499.717,11904.499000000002,2486.0,43850.0
2022-09-29,518.714,12255.094999999998,2539.0,43875.0
2022-09-30,505.99800000000005,12460.375999999997,2591.0,44262.0
2022-10-01,508.9980000000001,12510.869999999997,2592.0,44679.0
2022-10-02,513.998,12585.242999999997,2834.0,44553.0
2022-10-03,511.00000000000006,12797.615000000003,2822.0,44107.0
2022-10-04,517.4289999999999,13164.845,3034.0,44425.0
2022-10-05,532.1440000000001,13257.865999999998,3153.0,44313.0
2022-10-06,518.143,13635.943999999998,3290.0,44416.0
2022-10-07,567.572,14453.898999999998,3295.0,44481.0
2022-10-08,573.001,14460.411,3303.0,45386.0
2022-10-09,581.574,14468.038000000002,3573.0,45588.0
2022-10-10,611.2869999999999,14465.243999999999,3663.0,47218.0
2022-10-11,631.715,14909.163000000004,3820.0,47769.0
2022-10-12,651.7139999999999,14777.691,3831.0,48051.0
2022-10-13,689.5710000000001,14456.259,3891.0,49742.0
2022-10-14,679.0020000000002,13832.268999999998,3853.0,51485.0
2022-10-15,683.43,13706.472,3805.0,52846.0
2022-10-16,683.573,13616.226999999997,4007.0,53930.0
2022-10-17,761.4289999999999,13678.274,4061.0,54563.0
2022-10-18,785.4289999999999,12549.696000000005,4162.0,55321.0
2022-10-19,802.2879999999999,12348.097000000003,4100.0,57021.0
2022-10-20,819.571,12449.266000000003,4069.0,56763.0
2022-10-21,828.572,12112.030999999997,3970.0,55981.0
2022-10-22,826.288,11787.867,3897.0,54448.0
2022-10-23,826.1419999999998,11584.704999999998,4043.0,53789.0
2022-10-24,728.0,10997.562000000002,4015.0,53073.0
2022-10-25,795.0009999999999,11069.475000000002,4039.0,52278.0
2022-10-26,785.5699999999999,10665.145999999995,3954.0,50629.0
2022-10-27,766.8559999999999,9459.082,3874.0,49997.0
2022-10-28,755.141,9185.28,3799.0,48796.0
2022-10-29,751.2840000000001,9266.841000000002,3646.0,47259.0
2022-10-30,744.428,9298.236000000003,3787.0,46746.0
2022-10-31,714.4269999999999,8790.681,3686.0,44483.0
2022-11-01,619.715,7431.632999999999,3765.0,42034.0
2022-11-02,567.0029999999999,6433.201,3684.0,40442.0
2022-11-03,590.8580000000001,6454.855999999998,3581.0,39090.0
2022-11-04,628.43,6710.971,3447.0,38498.0
2022-11-05,614.855,6602.332,3303.0,38349.0
2022-11-06,614.427,6601.999,3452.0,38206.0
2022-11-07,621.2870000000001,6573.2739999999985,3318.0,43015.0
2022-11-08,632.0000000000001,7034.662999999999,3265.0,43979.0
2022-11-09,670.4279999999999,7600.484999999999,3144.0,44111.0
2022-11-10,618.141,6986.548999999999,3063.0,44321.0
2022-11-11,629.1390000000001,6440.302,3007.0,43841.0
2022-11-12,594.8540000000002,6999.842,2962.0,43442.0
2022-11-13,611.999,6913.166999999998,3114.0,42948.0
2022-11-14,622.856,7312.971,2988.0,37254.0
2022-11-15,622.431,6990.634,2923.0,36360.0
2022-11-16,612.858,6727.437999999998,2906.0,35635.0
2022-11-17,620.4309999999998,6919.995,2828.0,34562.0
2022-11-18,648.8579999999998,7722.34,2800.0,33971.0
2022-11-19,646.1459999999998,7071.096000000001,2721.0,33248.0
2022-11-20,645.4319999999998,7075.122,2921.0,33111.0
2022-11-21,626.717,6686.042999999999,2807.0,32950.0
2022-11-22,615.5719999999999,6703.589000000001,2878.0,32845.0
2022-11-23,599.2869999999998,6529.736000000002,2836.0,32674.0
2022-11-24,573.1419999999999,7749.778000000001,2811.0,32459.0
2022-11-25,590.5749999999998,7781.953000000001,2834.0,32352.0
2022-11-26,587.7139999999998,8043.155000000002,2788.0,32373.0
2022-11-27,586.2869999999999,8057.816000000002,2976.0,32810.0
2022-11-28,567.8589999999999,8390.571,2940.0,32365.0
2022-11-29,560.715,8846.961,2929.0,31626.0
2022-11-30,550.142,9834.318000000003,3008.0,30974.0
2022-12-01,562.8570000000002,8807.65,3006.0,29578.0
2022-12-02,558.7130000000001,9212.563000000004,3019.0,28776.0
2022-12-03,560.4270000000001,9155.739000000001,2974.0,27918.0
2022-12-04,560.8560000000001,8649.461,3165.0,27286.0
2022-12-05,562.8560000000002,10074.435000000001,3121.0,26415.0
2022-12-06,578.285,9939.521999999999,3174.0,25889.0
2022-12-07,579.856,9633.211000000001,3190.0,25289.0
2022-12-08,596.7159999999999,9751.549999999997,3225.0,24371.0
2022-12-09,596.143,9497.991999999998,3225.0,23841.0
2022-12-10,598.002,9407.881999999998,3167.0,23354.0
2022-12-11,599.715,9502.330999999996,3363.0,22873.0
2022-12-12,621.2849999999996,9210.869999999997,3409.0,22620.0
2022-12-13,621.429,9511.367999999999,3481.0,22268.0
2022-12-14,650.1449999999996,9086.898,3516.0,21212.0
2022-12-15,663.5699999999999,9422.718999999996,3548.0,21235.0
2022-12-16,675.2850000000001,9368.040999999997,3622.0,21057.0
2022-12-17,678.9970000000001,9385.241999999997,3543.0,19015.0
2022-12-18,682.2840000000001,9377.735999999997,3760.0,18666.0
2022-12-19,690.0,9344.547999999997,3744.0,17464.0
2022-12-20,712.2830000000001,9218.793999999996,3800.0,15060.0
2022-12-21,705.288,8937.445999999998,3828.0,13959.0
2022-12-22,730.5730000000001,8932.524999999998,3866.0,12613.0
2022-12-23,758.0029999999999,8517.071,3920.0,11294.0
2022-12-24,766.7170000000001,8584.679000000002,3817.0,10665.0
2022-12-25,771.4319999999998,8576.575000000003,3969.0,10337.0
2022-12-26,711.717,7915.067,3901.0,9388.0
2022-12-27,714.144,6325.894000000001,4039.0,9132.0
2022-12-28,717.0,6079.644,4102.0,8552.0
2022-12-29,700.286,5575.800000000001,4093.0,8251.0
2022-12-30,659.5719999999999,5186.046999999999,4074.0,8158.0
2022-12-31,664.143,5065.259999999998,3983.0,8081.0
2023-01-01,663.572,5019.451,4116.0,7943.0
2023-01-02,734.7110000000002,5038.967,4068.0,8022.0
2023-01-03,762.714,5410.745,4032.0,7712.0
2023-01-04,760.2850000000001,5249.249,3943.0,7859.0
2023-01-05,762.8579999999997,5669.312,3872.0,8104.0
2023-01-06,851.5729999999996,6135.033000000002,3861.0,8251.0
2023-01-07,836.5719999999999,6025.6,3743.0,8495.0
2023-01-08,834.4289999999997,6004.114,3891.0,8608.0
2023-01-09,860.5719999999999,5787.446,3739.0,8760.0
2023-01-10,799.0009999999999,5165.213000000001,3618.0,8653.0
2023-01-11,781.9989999999998,5028.979,3522.0,8807.0
2023-01-12,706.1419999999999,4355.249,3431.0,8683.0
2023-01-13,739.715,3738.477999999999,3325.0,8565.0
2023-01-14,728.714,3722.3020000000006,3171.0,8333.0
2023-01-15,713.1429999999998,3698.681,3305.0,8130.0
2023-01-16,642.7139999999999,3084.8810000000008,3126.0,7697.0
2023-01-17,619.4309999999998,3268.841999999999,2989.0,7636.0
2023-01-18,615.7159999999999,3109.311,2911.0,7354.0
2023-01-19,597.1430000000001,2971.814,2815.0,6685.0
2023-01-20,569.1429999999998,2737.4750000000004,2682.0,6444.0
2023-01-21,565.1429999999998,2726.7550000000006,2577.0,6354.0
2023-01-22,567.0009999999997,2715.664,2723.0,6272.0
2023-01-23,573.7129999999997,2722.53,2516.0,4245.0
2023-01-24,562.0009999999997,2466.9290000000005,2457.0,3970.0
2023-01-25,472.0009999999999,2354.168000000001,2402.0,3530.0
2023-01-26,484.57299999999987,2411.3090000000007,2341.0,3352.0
2023-01-27,417.28599999999994,2223.4120000000003,2265.0,3129.0
2023-01-28,424.8569999999999,2374.0080000000003,2209.0,2697.0
2023-01-29,421.42799999999994,2388.791,2380.0,2553.0
2023-01-30,403.57099999999997,2376.739000000001,2204.0,1969.0
2023-01-31,391.42999999999995,2406.4670000000006,1959.0,1577.0
2023-02-01,413.9989999999999,2383.5200000000004,1904.0,1705.0
2023-02-02,366.0000000000001,2142.303,1675.0,681.0
2023-02-03,337.00100000000003,1951.211,1475.0,317.0
2023-02-04,88.144,1263.779,654.0,147.0
